Region,Month,Combined Slope,Estimated Combined Slope SE,P-Value,Combined Intercept
GA,Jan,2.6322811373710464,1.2420630092631075,0.034066685516832694,-24.57312058297376
GA,Feb,1.7990132195656434,1.261688690254469,0.15390377286321286,-10.266763760485652
GA,Mar,2.140510093082976,1.0478220037829267,0.04107041615620546,-11.163238877661135
GA,Apr,1.9910717400485505,0.9143168424728604,0.029431316209266173,-4.917282736600633
GA,May,1.2862950401838082,0.816236079299956,0.11505206947035708,9.561192760357844
GA,Jun,0.6969818151007716,0.9041896974128997,0.4408042471808459,21.22493263006031
GA,Jul,0.8901822634050571,0.9366692069894202,0.34192430952769914,19.75568155944127
GA,Aug,1.4213609681008244,0.7707649638915877,0.06516983488724423,11.56716304067719
GA,Sep,2.1115197495352684,0.9633848252336726,0.0283959840310422,-0.7789345712894455
GA,Oct,2.554895368106875,0.89367088507768,0.004251432518813741,-11.85599969440757
GA,Nov,1.2698849183901426,1.12237983037971,0.2578776338380111,1.1491895128145853
GA,Dec,2.944638362614314,1.5553493578287765,0.058326922162944356,-27.409120881734623
IL,Jan,2.9798443408823108,1.558189258942919,0.05582793481877894,-41.58755539381108
IL,Feb,1.1221701642032973,2.039336764523886,0.5821394695727357,-12.35136430548553
IL,Mar,1.872338408936686,1.511856089680006,0.21555409570028228,-16.1982224266571
IL,Apr,1.5347466788773692,1.1710822076639935,0.1900142024637269,-4.711218523449117
IL,May,0.6528893373197333,1.0726843597371831,0.5427564541601677,13.418827044209632
IL,Jun,2.193823652562629,0.7867545468014939,0.0052961350766469765,-3.922174592009597
IL,Jul,0.6387602475172367,1.0318650573244983,0.5358935179199809,20.39508808326532
IL,Aug,0.648963226978754,1.0439839012702092,0.5341905356332542,19.69098829574515
IL,Sep,3.23252871439398,0.9030686221757784,0.0003442601524532125,-20.9191412822709
IL,Oct,0.933376770182009,0.9524230549827614,0.3270849907309411,5.101712407910152
IL,Nov,2.663955587855121,1.5621951799007656,0.08814515237474105,-27.61266816235283
IL,Dec,3.972709027874758,2.0207268568281145,0.04930089566201504,-53.43323522739155
UT,Jan,2.123909955580455,1.3452906078311702,0.11438788356204915,-28.762066141969044
UT,Feb,1.8411566481910873,1.2402079892384985,0.13766181254069554,-21.833601430794104
UT,Mar,2.3044392285809123,1.146273666738309,0.044391578441146586,-23.18364024979822
UT,Apr,1.4059856799293216,1.2220873978929963,0.24994670856189205,-5.456270858199533
UT,May,0.7601232240011724,1.2631238610619382,0.5473203015454211,9.417620621710444
UT,Jun,3.5577255783238835,1.2870051612613729,0.005703729385834607,-23.823647302654617
UT,Jul,4.184463023518672,0.7874682180389695,1.0735166729823737e-07,-29.182138185132104
UT,Aug,2.586892154763425,0.7766020295694889,0.0008652227668271378,-7.641029348060103
UT,Sep,4.093500941032119,0.9420168142132417,1.389810358059277e-05,-34.23882828961958
UT,Oct,2.3941254023285232,1.2967383381980577,0.06485342434229158,-17.919459777394607
UT,Nov,4.357319703078254,1.311478528357361,0.000892311819368105,-54.59095639880853
UT,Dec,1.358199535831701,1.0029807093810164,0.1756843265880017,-17.645349254155448
NE,Jan,2.298682127062036,1.551865564837432,0.13854318376175329,-31.054355881568256
NE,Feb,-0.6280781386802499,2.0921270491391235,0.764016730878166,13.003526268869214
NE,Mar,1.9081134373954078,1.7006279116584417,0.2618602096393975,-16.804647143180784
NE,Apr,0.626823826790301,1.358881350311722,0.6445982401329469,7.520408223077095
NE,May,-0.9861595129696927,1.106815251491146,0.37293541135732333,36.12490832946971
NE,Jun,3.3426635987177247,1.1860449911822442,0.0048274493988902205,-20.018580881199988
NE,Jul,1.9445591385360113,1.0906249942637345,0.07459006859096347,3.1312662427031377
NE,Aug,1.116665658442544,1.1399064807040145,0.3272778563819091,13.805106343061624
NE,Sep,4.116325526970745,1.0275877941225373,6.180428163048104e-05,-33.57277521723452
NE,Oct,0.6239363124645785,1.2530977436549258,0.6185438702642493,8.183958775617327
NE,Nov,5.992895879605085,1.7011498173087427,0.0004269326831167498,-77.16883926502243
NE,Dec,2.8665800247249216,1.6279285533936354,0.07825942348985294,-38.890200769714056
NH,Jan,3.0969159936173685,1.4176679716224123,0.02892447574451407,-48.19620624662566
NH,Feb,1.813195582738655,1.5596260018958448,0.24499849546949715,-28.196511783412525
NH,Mar,1.8710759583699406,1.3901409293847617,0.17831498240949484,-24.106185653098773
NH,Apr,0.7310697840410579,0.9685136966601341,0.45034690759739326,-0.2228746072292438
NH,May,0.5223463136181841,1.0574440059687733,0.6213269004752293,9.771116449097303
NH,Jun,1.5269947174528888,0.8113050462670773,0.05981616673857669,0.009198750162785707
NH,Jul,2.133010926807192,0.752497756317892,0.004588676210910989,-5.97368514160809
NH,Aug,2.819606056168023,0.6198356111294251,5.391224440373657e-06,-16.450396543424354
NH,Sep,3.506140205839726,0.6783542419837418,2.358569246034519e-07,-30.44425591920856
NH,Oct,1.8956298525682183,0.9664072585528592,0.0498180702913278,-14.248837017160685
NH,Nov,1.5581213472504478,1.1940216627380165,0.1919147855850145,-16.46713368527111
NH,Dec,2.2774628972156536,1.6117496339130828,0.15764465745309408,-33.27157911940358
PA,Jan,2.871551943193784,1.473483887251761,0.051317161676490065,-40.93959014622404
PA,Feb,1.7051896550443018,1.614822304530485,0.29098595401832317,-22.321864918554695
PA,Mar,2.7514467395665214,1.5827568975514656,0.0821423426609676,-31.96182941410395
PA,Apr,1.5177650207743976,1.0492702779409098,0.14803819702180046,-7.399989272686848
PA,May,1.1161792005158373,1.1621479740586718,0.33683130382378057,4.172742674919043
PA,Jun,1.4980280935937746,0.7383795998070698,0.04247817382699531,3.2286235702137756
PA,Jul,2.1320692727830544,0.9124474948309764,0.019457456856809722,-3.0983416119023612
PA,Aug,2.6364547881151896,0.8278775826143465,0.0014495673606819187,-10.89104271350962
PA,Sep,3.2497249283214145,0.8364981426989879,0.00010236532035843302,-23.619707193413937
PA,Oct,1.723004605782569,1.0649281498858079,0.10567254261587372,-8.561809236225393
PA,Nov,2.0793715764332044,1.3533711085443891,0.12443085216991596,-20.623211331541278
PA,Dec,1.997470271062706,1.7598723002367982,0.25637169711597263,-25.673577369760622
AZ,Jan,1.6254469326454983,1.1654966820778905,0.16312477858535424,-11.249923910386055
AZ,Feb,1.320563590631173,1.3246094424270403,0.31879090312253144,-4.562316901098864
AZ,Mar,2.1635843089218785,1.2249515455303264,0.07735204845740377,-12.768813198255552
AZ,Apr,1.2010093703284959,1.1352777080851262,0.29010140350892577,5.557002173053559
AZ,May,0.535319014617775,1.3009557412327692,0.6807196195158409,19.990514725025378
AZ,Jun,2.6081931582787408,0.8546147115941208,0.002274027017871064,-3.8561798113387766
AZ,Jul,2.2421301024859863,0.6654468934628712,0.0007534297195150172,2.1782472199885987
AZ,Aug,2.1154426623928493,0.8426817943464809,0.012060489556210552,2.7449492594259013
AZ,Sep,2.501220849091701,0.7808099941630603,0.0013583083565286795,-5.493738908368774
AZ,Oct,2.8561923111108163,1.1116776968514472,0.01019150941385069,-16.74789776855998
AZ,Nov,4.342900691632058,1.1857469871824629,0.00024968157850897214,-45.13345091306283
AZ,Dec,1.6455045730352262,1.0121709935134615,0.10400966545535835,-11.903420966719041
OH,Jan,2.920560306064376,1.5863533934054108,0.06561382625282623,-40.4394512535266
OH,Feb,1.2349492231242196,1.8260218382750408,0.4988464891809491,-14.140062197101749
OH,Mar,2.5071041300281127,1.6004145677128636,0.1172236121175746,-26.481829642241696
OH,Apr,1.379726673395604,1.115342467929662,0.21607109233543775,-3.676620220406411
OH,May,1.0786725108736435,1.2434312968222143,0.3856699348842878,6.1968121220639425
OH,Jun,1.412614695219313,0.8055663949112523,0.07950471931643742,6.018599621136243
OH,Jul,1.146723993420157,0.8861419700067663,0.19564348233011963,12.083606624122721
OH,Aug,1.7175388675221424,0.8104360256642058,0.03406701854758225,3.4957626161843987
OH,Sep,3.086432980019433,0.8890583227444349,0.0005174140535328634,-19.657396321079034
OH,Oct,1.5235311874092314,1.0635501111735812,0.1520019469626651,-4.073631912256641
OH,Nov,1.616019905403072,1.427420081766133,0.2575813128748541,-12.658721854866236
OH,Dec,2.5135340463809674,1.9021426324324626,0.18636053248968165,-32.013052045898874
NJ,Jan,2.744132041027589,1.3651225986722022,0.04441292450092543,-36.150124826601925
NJ,Feb,2.025329742340852,1.5414429274209658,0.18887377132211425,-24.261001743983257
NJ,Mar,2.122161365133007,1.3738001000262388,0.12240962361376678,-21.11196964633016
NJ,Apr,1.7090756811818064,0.9100861317481855,0.060391097762100096,-9.02895439572464
NJ,May,0.579611426052111,0.9147979562531763,0.5263451540607189,12.729496346394793
NJ,Jun,1.2299900497947034,0.6231354056632238,0.04839620431896552,8.167209027821894
NJ,Jul,1.8910155619829352,0.7966066722977327,0.017604250102078323,1.707644426284741
NJ,Aug,2.5376386467256236,0.7239347859540192,0.0004560219428878469,-8.280568422121505
NJ,Sep,2.79454638111179,0.6964464120212724,6.005892104527154e-05,-15.576927411692816
NJ,Oct,1.8427800503404677,0.9035713589873855,0.04140608095267609,-8.217076188875811
NJ,Nov,1.6108844973703635,1.1211559850180826,0.15077290929520776,-11.157993545848925
NJ,Dec,1.9982118188373656,1.5838974584479257,0.20710030589558015,-22.564923048291814
WI,Jan,2.8272895774374716,1.628415169849383,0.08252466097091825,-45.95140964558686
WI,Feb,0.0968305250732498,1.888588871609162,0.9591092873168288,-4.478099178902533
WI,Mar,1.6990336598917126,1.6271218462943888,0.2963948490062208,-20.31028577714897
WI,Apr,-0.21392919184779025,1.3603190932699782,0.875036808412285,14.90940171791052
WI,May,-0.4800005573745829,1.1558953323689285,0.6779493877991694,25.522716708103204
WI,Jun,1.859643295314649,0.8985471104175967,0.038488754636603166,-3.1046980792686885
WI,Jul,1.5513007889248835,0.9695751625471162,0.10960303852760435,3.9132634170453864
WI,Aug,1.0376215971411433,0.8573156597294213,0.22615822547944686,10.244610824649499
WI,Sep,3.467580508377255,0.8491774776510597,4.437046429402082e-05,-28.955399052498063
WI,Oct,0.597998465584287,1.1885239367809455,0.6148631647973273,4.60136440788604
WI,Nov,3.8120274643367074,1.7001407643817887,0.02494951910067774,-50.046068808284886
WI,Dec,3.76744533034726,1.8022916107440474,0.03658512266360372,-56.855108484451506
KY,Jan,3.053213874023154,1.5475087455882377,0.04849709967517403,-38.56480235832427
KY,Feb,1.4129058524493523,1.7865400318116038,0.42902477684046736,-12.588845495934367
KY,Mar,2.1231598716432067,1.3750154215563626,0.12256436267357361,-17.159706913298287
KY,Apr,1.984620944691124,1.0907665247207092,0.06883920006386461,-9.444695532510986
KY,May,1.2067615342818836,1.0879286932274896,0.2673316121501953,6.41026238543278
KY,Jun,1.4092980738377787,0.7950759069776518,0.07630616594939452,7.965681332119271
KY,Jul,0.17101460994343717,0.8314133879347017,0.8370319521097593,27.815953370781344
KY,Aug,0.5563319226232806,1.0076924488034393,0.5808900932202985,22.168459306317096
KY,Sep,2.7436200615712814,1.050124415790533,0.008984012686547645,-12.536452941435174
KY,Oct,1.4568891440079481,0.9970006679750109,0.1439408151880931,-0.47498259908573814
KY,Nov,1.273254893112247,1.4419544574941427,0.37723285909355786,-4.8261084304866095
KY,Dec,2.848955408881473,1.9256911892839288,0.13902125323583284,-33.33291018360208
MD,Jan,2.7627934778830223,1.3148388536708113,0.03561980464087796,-35.56973225543862
MD,Feb,2.0391568822375286,1.5103165588656833,0.1769672399130776,-23.45801980030172
MD,Mar,2.7103281514368702,1.3032923138301498,0.03756213447072611,-28.389398806970846
MD,Apr,2.187608583818546,0.9283087441256282,0.018445444463390814,-14.793959327944451
MD,May,1.03302416295954,1.033098089479339,0.317345139024769,6.901777210745379
MD,Jun,1.3122439911069146,0.6506584455460517,0.04371702465268921,7.729082756346999
MD,Jul,1.4586136326350445,0.8480220014155943,0.08542905699920822,8.443781402548927
MD,Aug,2.1205181054595448,0.7698508023570608,0.005879027412253959,-1.8181277195648207
MD,Sep,2.310925463567612,0.7882796447000785,0.0033721408891907553,-8.053835607559686
MD,Oct,1.6492021473457523,0.9532471344642427,0.08361441914678013,-4.818770499230439
MD,Nov,1.3525289936794227,1.1967389807283628,0.2584009020172584,-6.907844306764512
MD,Dec,1.8878494187683443,1.667434971935532,0.25755551678682986,-20.324815105280713
WY,Jan,2.3080847314760535,1.0905172388026194,0.03430191601497798,-34.67282032920165
WY,Feb,-0.03481704647758943,1.5113928425540395,0.9816212395453814,0.4508143687294117
WY,Mar,0.7863312285653388,1.224997616524966,0.5209353268706399,-5.799880076746067
WY,Apr,0.02248322797818092,1.2960929182430276,0.9861598496684307,9.929587186361372
WY,May,-1.358992425864456,1.2355404769684797,0.2713681279279603,35.47069984224662
WY,Jun,2.161422944094535,1.3777802067645468,0.11670108614741372,-8.191571739700732
WY,Jul,3.7171101157807525,1.0317101263419037,0.0003147315758853244,-25.827994922541404
WY,Aug,1.225227359737714,0.8094509206061129,0.13011401380182466,8.903408507171351
WY,Sep,4.26399831845011,1.0149999206509372,2.657574998118016e-05,-40.35693068245038
WY,Oct,0.6392013050346271,1.3629797302215676,0.6390886144056188,2.9870160849051537
WY,Nov,4.04890828368708,1.5201175253559165,0.007732103362005469,-54.28348484075893
WY,Dec,1.5304573841080376,1.2097379312443917,0.2058301713711692,-23.73358932421097
DE,Jan,2.7720274078514358,1.3456750404955817,0.03940302914067154,-34.58044029079707
DE,Feb,2.1331908062713505,1.5632032386469776,0.17237002040883342,-23.801143848592023
DE,Mar,2.3745283475157137,1.3163585244050267,0.07125303547364685,-22.73334446094249
DE,Apr,2.0728205491699416,0.91047858932845,0.022808482236847828,-12.458705386349369
DE,May,0.6500853858993316,0.9879782645868641,0.5105409357817026,13.104500709031772
DE,Jun,1.1196321325479857,0.6831054647698718,0.10120646849204194,11.164722784588632
DE,Jul,1.4323764884399726,0.840162687330109,0.08821682357919981,9.461316454984065
DE,Aug,2.212733743839873,0.7767056505541703,0.0043874747665423805,-2.6245827393834578
DE,Sep,2.2193851842997843,0.7104868298149644,0.0017856043659366836,-6.062349726999733
DE,Oct,1.8251163177331224,0.913130958745782,0.04563590640170808,-6.469078659160843
DE,Nov,1.1583962914334442,1.1288431759337745,0.304806746296713,-3.0123077170359105
DE,Dec,2.0500630827044137,1.6491103368447437,0.2138189159262125,-21.442082877235624
CT,Jan,2.565515968082674,1.3492495759661027,0.05724451555459926,-35.77817544072569
CT,Feb,1.815611225732927,1.5181125226731096,0.23170975944190653,-23.616444255245153
CT,Mar,1.7257035560171903,1.3658746075519097,0.20643032298339326,-17.917892436897702
CT,Apr,0.9544528537446998,0.914171988165471,0.29645639206441887,-0.39242001864205545
CT,May,0.31146461826150584,0.9473864735750475,0.7423356302001085,14.825476781513192
CT,Jun,1.291983753950154,0.74960333231333,0.08478792313862926,5.590090202976429
CT,Jul,2.1934023160827874,0.9357184180481604,0.019073889078014734,-3.869538614662419
CT,Aug,3.2076130883158087,0.7456271540449831,1.6934011327337222e-05,-18.993315755594686
CT,Sep,3.056865156599025,0.6898282527060893,9.364826443857534e-06,-20.782876268783646
CT,Oct,1.72081250628277,0.9094815964267906,0.058480239527867475,-8.206104957088016
CT,Nov,1.4954280939326292,1.116998567701234,0.1806385861079074,-11.390003498215714
CT,Dec,2.152118832605166,1.5548712794550201,0.16632360463070817,-26.84124419532357
VT,Jan,3.116941232243974,1.5512224495301616,0.0445005478070819,-49.088789619090115
VT,Feb,2.0103334728656526,1.6358281234058556,0.21909456430283303,-31.52729427526082
VT,Mar,2.2674711106309817,1.4156580198687152,0.10922014293281054,-30.027141884418395
VT,Apr,0.3201034950324776,1.0746473406149808,0.7658035990142104,5.839356275215979
VT,May,0.9317005480079412,1.1182066371167827,0.4047265075422638,4.261932097321654
VT,Jun,1.7014278103066307,0.7829033140849503,0.029763122293835792,-2.370414502232176
VT,Jul,2.1004570874345787,0.7651813993789214,0.006050266995603266,-5.567626394716285
VT,Aug,2.66828327168421,0.6323043414952436,2.4437268007956414e-05,-14.40609200730647
VT,Sep,3.6570341997583853,0.7210147614057585,3.93520586720397e-07,-32.75287901166973
VT,Oct,2.1202493158907116,1.066526713801627,0.04681229050755643,-17.733558759149286
VT,Nov,1.6186243576817452,1.2705489550035733,0.20267876105684202,-17.736625794075334
VT,Dec,2.315146028818293,1.7015292012508123,0.17363169562113312,-34.32056258568954
KS,Jan,2.2723876477053264,1.43911813077068,0.11433285041574727,-27.6215436060065
KS,Feb,0.2551742444682358,1.9930994724973803,0.8981261375201421,3.7751858068074804
KS,Mar,2.0431092336484764,1.529802283391817,0.1817002943827346,-15.345058085142695
KS,Apr,1.180525969290647,1.2955785514229652,0.36219212119214583,2.724751120535136
KS,May,0.13220958185443088,1.0971785346525855,0.9040873912204189,22.630451200494676
KS,Jun,3.5392467447058316,1.1438774232422055,0.001974251237858348,-20.746712804442623
KS,Jul,1.0043602774634746,1.0395037001203504,0.3339480582426291,18.461518025021828
KS,Aug,0.4145712438340078,1.2358444180516914,0.737281241257085,25.863780071241198
KS,Sep,3.1006017339669736,1.0194045455342704,0.0023533905460707003,-16.826708208954493
KS,Oct,1.245790113896551,1.1427390085668443,0.2756342849175243,2.3297036878547797
KS,Nov,4.5434489754308505,1.4020353500481877,0.0011927448251845513,-52.84161037093755
KS,Dec,3.5778820772403854,1.507070594554137,0.01759349963155086,-45.57175351709547
CA,Jan,1.6765335818270435,1.1065061978311839,0.12973196989681096,-12.78992845374254
CA,Feb,1.8570503096882813,1.356486479327321,0.17099459255810268,-13.79397998342511
CA,Mar,1.713354700677388,1.3221688927323592,0.19502139769924387,-9.178887249148605
CA,Apr,0.687285496838345,1.2695338467350388,0.588253689107155,9.052592641979173
CA,May,-0.09572978797842809,1.2287808307195052,0.9379025750573896,24.663543420815838
CA,Jun,2.274561451347479,1.117980056574933,0.0418984134249579,-4.11305443922798
CA,Jul,2.7278235596026974,0.7561122984869793,0.00030892776599359415,-6.915541104154656
CA,Aug,2.197287765012784,0.5574354469447237,8.087922465950738e-05,0.3043879759416406
CA,Sep,2.9489521906051825,1.0072665154855902,0.003415033304307675,-13.600768286437491
CA,Oct,2.2507843299677597,1.181858411516179,0.05685225464358146,-9.455702147205406
CA,Nov,3.1842450641224733,1.1634879906771098,0.006203819419827297,-30.075119623043484
CA,Dec,0.7825716901815288,0.9756133425451801,0.42247600824794096,-0.3632328437246337
NY,Jan,2.5607218863629795,1.4684167110649584,0.08118246920993236,-38.88851570268606
NY,Feb,1.6643740698385692,1.606268610652518,0.30012088746184795,-24.570602219015843
NY,Mar,2.2113174826487887,1.527618193339638,0.14774042128586506,-27.359298560761523
NY,Apr,0.6277387095736588,1.0629413495736855,0.5548101868963016,2.6510703527195933
NY,May,1.0204655773725364,1.1143097450909367,0.3597808835461852,3.7325511077928457
NY,Jun,1.7633684889078092,0.7451251146992167,0.017955227383084138,-2.437941261598313
NY,Jul,1.9153555240392426,0.8222474986241501,0.019837099744920525,-1.8710562026526407
NY,Aug,2.5816585971718817,0.7271517258701896,0.00038468821759693185,-12.01415110920321
NY,Sep,3.3308296102345945,0.7421425779076188,7.185233440286787e-06,-26.674504217434624
NY,Oct,1.858804498849576,1.0540233555467469,0.07781071196414742,-12.454807904399193
NY,Nov,1.982767511446396,1.349124180737155,0.14165111608584363,-21.19051967822721
NY,Dec,1.93484608796491,1.7304575375727629,0.2635189769252324,-26.864750502305796
SD,Jan,2.161722648640549,1.8134861110094933,0.23325103906888212,-32.336084309832145
SD,Feb,-1.1938881876697267,2.4936422257033,0.6321002355097651,17.982653040973524
SD,Mar,1.3890591046968912,1.901544162945424,0.46509068825373523,-12.216781060472748
SD,Apr,-0.260692657618442,1.4900142573002297,0.861111188993386,18.398921881787594
SD,May,-1.6971517106495624,1.293307517399727,0.18943346987834353,45.34789260079768
SD,Jun,3.1203829036049116,1.2461614859686667,0.012279955413383517,-17.91755846805279
SD,Jul,2.4933014321338827,1.3341266489343027,0.06164172061837357,-5.162631205822766
SD,Aug,0.6339385060531509,1.1193673592961033,0.5711651049869599,20.350354867462173
SD,Sep,4.141855649953229,1.127787501314808,0.00024014242742194017,-35.21949206768231
SD,Oct,-0.25000698880637107,1.4364182323365764,0.8618270454125939,18.7767159953372
SD,Nov,5.8890010871062195,1.9439474635415357,0.0024503723920996875,-78.2791173921288
SD,Dec,2.7475793257724366,1.9754806297406413,0.1642736669607392,-40.160480098041
AL,Jan,2.4977021201621845,1.2953778058040037,0.05383460868251006,-23.48479984050956
AL,Feb,1.9240786619934815,1.3163571512143408,0.143831890087672,-12.764459138757804
AL,Mar,1.917718087587136,1.064396143337509,0.07159327531943091,-8.333847474782656
AL,Apr,1.7237148630335453,0.8527163523768287,0.04323424725638172,-1.4458408175859834
AL,May,1.1050329605125757,0.7541042100555587,0.1428231530080643,11.84699071268202
AL,Jun,0.7485851553837709,0.854864329880511,0.3812055737332568,20.5552949986662
AL,Jul,0.5820988717683545,0.8164917046680626,0.4758910137831047,24.257704582825816
AL,Aug,0.8836863009075607,0.7974258249134947,0.2677868208091182,19.789694443048084
AL,Sep,2.3807402055167395,0.9523544008412685,0.012424698517694985,-4.205171763002143
AL,Oct,2.2881292632853105,0.9125750965322833,0.012164619659367094,-8.108398052526763
AL,Nov,1.5675090891820636,1.19517450259962,0.18967823574781395,-3.754022817801564
AL,Dec,2.8084372613414947,1.4753599079334716,0.05696741043225149,-26.28527248751395
LA,Jan,2.063136254859997,1.2285660864665784,0.09309276243271417,-15.29414640794074
LA,Feb,1.512841174125219,1.3127560098511986,0.24915012414075755,-5.29357418784249
LA,Mar,1.6748165817674943,0.9865724885764288,0.08958115308760213,-3.508868090803018
LA,Apr,1.1131972211084808,0.7754158320929597,0.15111243027182675,8.427261167039056
LA,May,0.9158041915395523,0.7877122013280624,0.24498668481397634,15.300925891319801
LA,Jun,1.223550977478644,0.8382820099292188,0.14440182521869419,14.115202052046037
LA,Jul,0.6615165205830331,0.668988528793774,0.32274588939771665,23.31050144600958
LA,Aug,0.4205671066188978,0.8466457377477896,0.6193688267636759,26.978514196611957
LA,Sep,1.8348981895983285,0.7993529448531588,0.0217056676941603,4.339006437831635
LA,Oct,2.228810032025801,0.6053497496825462,0.00023154305031756691,-6.137619614533797
LA,Nov,1.7865493150890286,1.0370854654493136,0.08494938801287462,-5.519729574418514
LA,Dec,2.7518235403333122,1.3372159451029981,0.03960211423698357,-23.742027790098888
HI,Jan,1.081208510128572,0.2542357475577504,2.1113368832129334e-05,6.822339912162011
HI,Feb,0.43670057359932013,0.3645028288093832,0.23088905182775832,15.873074973922506
HI,Mar,0.4894938241732284,0.4607648848118536,0.2880765784697271,15.224287345114483
HI,Apr,1.1412606739177331,0.3768236179624942,0.0024566242134423408,6.33771532972343
HI,May,1.0597900965984413,0.38305740140204203,0.005663355664545568,8.335214148921459
HI,Jun,0.6771452554080355,0.3140999263147739,0.031097138163437014,14.725048092383815
HI,Jul,0.9464881546916439,0.2857886807089176,0.0009268248595652574,11.4402249000984
HI,Aug,0.775491604524374,0.32239126804324736,0.01615317524543512,14.283168852520685
HI,Sep,0.8376791762130114,0.320110325506718,0.008874657221403,13.279309329640999
HI,Oct,0.7900934666751512,0.3365465536969548,0.018892272027450443,13.513831316610393
HI,Nov,0.816939242430146,0.2707285664419936,0.002548199903573934,12.152575150754316
HI,Dec,0.8281483902422215,0.3524288364246207,0.018781910017910422,10.930243120805411
MT,Jan,2.6004045506130375,1.5597232627244981,0.0954703190317917,-39.41232935693045
MT,Feb,-0.9914553930055583,2.5139123429345083,0.6932950330663148,13.857814309513817
MT,Mar,0.27605243723096584,1.7113529507765997,0.8718519660872727,1.5489551050057693
MT,Apr,-0.8591505685796819,1.3575088029933031,0.5268070072822854,23.57327056303897
MT,May,-1.2743232749614788,1.2476890204689532,0.30709012800208035,35.31264850660719
MT,Jun,0.6333024275023431,1.2776550386902013,0.6201233050230228,13.242994001400664
MT,Jul,3.7850101358360755,1.5327399995837379,0.013532454458223864,-26.755063326269443
MT,Aug,1.8597691766220104,1.1630474125211714,0.10980983484006913,0.395733277136495
MT,Sep,4.081632303997652,1.5032729518731283,0.006624299698554058,-37.70119385267518
MT,Oct,-0.42437576538349064,1.3220320439131132,0.7482083965002329,18.29380222609556
MT,Nov,3.773014186880923,1.8518094877315134,0.041602537672344696,-50.71726890102178
MT,Dec,1.5710259256248769,1.6722143402937104,0.3474800603629724,-24.876435755130302
NV,Jan,1.8757086181602167,1.4878725177404653,0.20742961497522627,-22.466131919217823
NV,Feb,1.1428700196716166,1.4821621569504868,0.44065774547492,-9.43708842746841
NV,Mar,1.8072460384377775,1.3589960516272503,0.18357130179547665,-14.480029809729917
NV,Apr,0.7517652160336677,1.3893163071295376,0.5884356012151292,5.238552115096136
NV,May,-0.2658493204310524,1.3390632705928853,0.8426274419373063,25.036571578419174
NV,Jun,3.1235449795676278,1.3219060658639854,0.018132075453330326,-17.124146242308207
NV,Jul,4.014118638383383,0.8775379908808628,4.778236104122899e-06,-25.533941564762628
NV,Aug,2.60460282027687,0.7313298174433454,0.00036879651645636965,-6.310095549087382
NV,Sep,3.7766695690750933,1.122152874203365,0.0007638925582493853,-28.03118952044795
NV,Oct,2.340261012430017,1.362846350296409,0.08594514719380557,-14.941564434410045
NV,Nov,4.231476815079736,1.4733107083747918,0.004077704425962739,-50.4541426149075
NV,Dec,0.5279676631050312,1.065642969986794,0.6202859161487293,-3.312929429520027
WA,Jan,2.085507800901626,1.1318517161685089,0.06539287807564775,-28.215795553308485
WA,Feb,1.2621055860583805,1.4283784593907507,0.37691581623400006,-14.223116837461706
WA,Mar,0.3521591154506565,1.1252286843291401,0.754305956726804,2.7997487187300356
WA,Apr,1.3474813753096015,1.1833719538821124,0.2548368594619691,-7.338477440132933
WA,May,1.9559452134485977,1.2264399822237273,0.11075355095214827,-11.084339128363135
WA,Jun,1.3174879446614356,1.3067960527848377,0.3133672126274336,1.8135350457055832
WA,Jul,3.6707818048728846,1.4029059776481796,0.008882183936204916,-27.377140200890004
WA,Aug,3.069802867864497,0.8188897455169554,0.0001777268376028457,-18.557572995731654
WA,Sep,2.250546779682971,1.2910191373327018,0.0812929752601987,-11.258930005850399
WA,Oct,0.5358646443577577,1.2353359181732146,0.6644478361262109,5.835230476078298
WA,Nov,2.983296449310429,1.2231751656602503,0.014728893899212017,-37.24908476816652
WA,Dec,1.698307198724605,1.0825770982471252,0.1167031076673807,-23.33547175202898
RI,Jan,2.131980503383711,1.07330351889759,0.04699198720189888,-27.5860859674035
RI,Feb,1.649790808730212,1.1067786551206436,0.13606024369551423,-20.287405795308892
RI,Mar,1.3946104342560497,0.9351287075129356,0.1358678780737832,-13.907120247840474
RI,Apr,0.9043181131647786,0.624076261821725,0.14732343814808585,-2.2359632096328284
RI,May,0.4982330583764057,0.591322466704719,0.39946662154785884,8.655029345117388
RI,Jun,0.9557166353698395,0.5894022879729623,0.10491014988159687,7.046357037275742
RI,Jul,1.9425323082096595,0.6557217229658064,0.003052172638874645,-3.347614773968706
RI,Aug,2.9731803894498956,0.48849879744176067,1.1550531385512022e-09,-18.162673612909877
RI,Sep,2.640460321431704,0.45156073149797543,4.992885748636796e-09,-16.42664622581092
RI,Oct,2.0156445788993818,0.6739013366806557,0.0027805781726243737,-12.58661882882904
RI,Nov,1.4509841748026675,0.840885286728177,0.08442956419652577,-9.706051749210808
RI,Dec,1.8493736864220178,1.367586481741401,0.17628252402633804,-20.397373606742846
NC,Jan,2.6619912438158977,1.2094311551510493,0.02773407638429357,-28.900293526418523
NC,Feb,1.856977449255559,1.4407725851978141,0.1974411403538654,-15.164655077230954
NC,Mar,1.8648824595511995,1.088040624115572,0.08653196175522491,-11.049127434125285
NC,Apr,1.9167269502383615,0.9514335784035329,0.04395000937807209,-6.84401746329563
NC,May,0.8672243529281088,0.9301278135168602,0.351144741398537,12.538453794296975
NC,Jun,0.7153563050984271,0.8163773441778178,0.38089037380941226,18.734264101455512
NC,Jul,1.0441617441409048,0.8398589625875807,0.21377261352811794,15.895111080393084
NC,Aug,1.884130411749669,0.7748778746568399,0.015035652372632739,2.985872177548883
NC,Sep,2.276683409822849,0.8296148022200293,0.006064643761404091,-5.648234525866313
NC,Oct,1.8235512596222012,0.9010485725948217,0.04298968801105895,-4.371501386114248
NC,Nov,0.8018631019881208,1.1501127651518699,0.4856752004121312,4.70697357240028
NC,Dec,2.6617140322233803,1.6938300127128723,0.11608571627867836,-26.829813359815883
AK,Jan,1.8231228173140765,2.4227917725545236,0.4517573751679316,-41.41074759100927
AK,Feb,4.1733067118525975,2.075311512338664,0.044332823951284545,-72.60395263183597
AK,Mar,1.2010686626414893,1.6622318817535198,0.4699478864860893,-26.158496820693895
AK,Apr,4.684078112191559,1.2370525051460708,0.00015279462794554687,-69.0493220573683
AK,May,4.408036755490893,0.9745823617352354,6.096902334780906e-06,-56.55307563884115
AK,Jun,1.9428078128970467,0.6431127650899995,0.0025198774769578003,-14.263422591283632
AK,Jul,0.7677572195660667,0.7048102264480244,0.2760169593729046,4.525771892002336
AK,Aug,1.3247941589683951,0.7282678276051853,0.06889572397004692,-5.837446995519314
AK,Sep,2.7561008667962863,0.9894982211935132,0.005346964011297685,-31.862800785251505
AK,Oct,6.333799928262002,1.1053959482802704,1.0049431422606184e-08,-92.42715436099644
AK,Nov,3.94356069794646,1.571115195838082,0.012071776686147704,-67.1414247010353
AK,Dec,1.0752482794830338,1.7753747103030006,0.5447499662568583,-29.045586382162664
TX,Jan,2.1804663447004033,1.1820493275107473,0.0650885852663027,-16.760635990693245
TX,Feb,0.8777166752589622,1.3992539921030034,0.5304791625352909,4.447939714740113
TX,Mar,1.3949043294082528,0.9426513270936708,0.13893543737109104,1.6693015440981362
TX,Apr,0.9084837964987427,0.8274015445702483,0.272206125011595,13.134347825480514
TX,May,1.5465610100882943,1.135694845706731,0.17326885869420194,7.6520893117913005
TX,Jun,2.1924623912334265,0.9882860094064259,0.02652421385327557,1.7184573000233243
TX,Jul,1.0648233520142267,0.9066654675683122,0.24021920215412518,19.086983271622998
TX,Aug,0.7560635571779477,0.9050529381271619,0.4035035172286344,23.348475706851268
TX,Sep,1.3586639518609724,0.8817617589702246,0.12335292570502522,11.397841497167255
TX,Oct,2.003945175343028,0.7606499786559818,0.008425712503796593,-2.717387005396061
TX,Nov,2.469085223902674,1.1480008070041507,0.03149439056503334,-15.619287911201807
TX,Dec,3.1301461737913114,1.2077159460120088,0.009547801882470675,-29.779553099436164
TN,Jan,2.9998300247242566,1.4447891010095602,0.03786529117260102,-35.60846836533638
TN,Feb,1.5395143724180096,1.5829827995368535,0.3307818872858499,-12.137292355017994
TN,Mar,2.077363497124697,1.2102118131398079,0.08606529149254509,-14.68151025144665
TN,Apr,1.9321482975769533,0.9654909465846571,0.0453699690088488,-7.533416043655315
TN,May,1.3335364062509751,0.90939312616389,0.1425386499317219,5.493658332712039
TN,Jun,1.4317504944211872,0.7985522467265153,0.07298367415616573,8.40638291931399
TN,Jul,0.44958891726104433,0.8765402452019596,0.608012155059954,24.468782478328315
TN,Aug,0.7885139338257368,0.9770746952982347,0.41965784202664536,19.48644425560089
TN,Sep,2.8388377390075905,1.0268068524534417,0.005697094432539396,-13.107052300105963
TN,Oct,1.9163213254718665,0.9631345029859376,0.046627127964398336,-5.9187268866576535
TN,Nov,1.4990919115627137,1.3208027211171471,0.25638140182403224,-6.566586726342282
TN,Dec,3.0306014463062643,1.8041064273759555,0.09298938817221251,-33.98780880821319
IA,Jan,2.2527398746603784,1.7597246479415998,0.20048671860252243,-34.67876227452824
IA,Feb,-0.10130322624763692,2.2944268628253446,0.9647833503727485,1.7186700254947511
IA,Mar,1.527196059748835,1.7049595572455485,0.37039302467862456,-13.916475681291633
IA,Apr,0.9927866519956999,1.3244317578867173,0.45349901408267246,1.221928751876642
IA,May,0.0017043773454347468,1.0943856376431422,0.9987573888278463,21.53616736764865
IA,Jun,2.7188332910492585,0.9242840014828488,0.0032656762894561118,-12.332172140804843
IA,Jul,1.4960147415532374,1.1596645923853597,0.19703646167408229,7.35040249132109
IA,Aug,1.3584898144581474,1.0951938382880124,0.21482364049410885,8.247354225929357
IA,Sep,4.003624420807186,0.9069326788527765,1.0125914010699817e-05,-33.65466659133417
IA,Oct,0.6899014768745186,1.1256329251630204,0.5399418423111717,6.232692168744886
IA,Nov,4.694585285460867,1.8021863594806204,0.009189065508595396,-59.91921874296679
IA,Dec,4.36687889134432,1.88654808103712,0.020626858012153165,-62.9406908335027
ME,Jan,3.3484392312755134,1.3186905974269225,0.011110145517847196,-53.251348071206706
ME,Feb,1.528878087737476,1.4860084253339552,0.30355069851120975,-25.508441418900254
ME,Mar,1.191439479963195,1.1171691215742066,0.28620632860302797,-15.832974229107673
ME,Apr,0.4378873737133277,0.894236141419661,0.6243620818590325,2.4589970662884224
ME,May,0.4876591344712137,0.9991984650324025,0.6255141962483834,9.088059890940002
ME,Jun,1.10272293092747,0.7291704438177237,0.13045809505246586,5.0097933751103065
ME,Jul,1.9125943064184736,0.6654493476802037,0.004051298792129348,-3.6845941752148192
ME,Aug,2.397898254040676,0.617397040103241,0.00010280112619002742,-11.170754151928778
ME,Sep,3.344949635451493,0.7311912720289208,4.769996646268496e-06,-29.113744094818124
ME,Oct,2.2646921711638637,1.0279433668271545,0.027585635161067056,-20.4472262575869
ME,Nov,1.7918193090798056,1.081982902688563,0.09771140862632006,-20.891098527129166
ME,Dec,2.4644959599394656,1.5495345541631933,0.11172777793560815,-37.21955549440398
IN,Jan,3.2488961593069816,1.5465686504545062,0.03566620778447718,-45.150906510831206
IN,Feb,1.2635799040338456,1.939823594938059,0.5147953589036316,-14.274351455030642
IN,Mar,2.0831945329510333,1.5513267983406493,0.17932152188006933,-19.6973912296821
IN,Apr,1.729839365816656,1.1190414666221944,0.12214746563389668,-8.05049536404752
IN,May,0.970850018321084,1.1543349194217107,0.4003215575157145,8.346318679877298
IN,Jun,1.8994117010919789,0.7786631074984385,0.014714763553158934,-0.3814880080859595
IN,Jul,0.8089033329827802,0.9201934924959092,0.3793698983817072,17.152928087522437
IN,Aug,1.053937123254095,0.9136511209042393,0.2486870093186112,13.2895697404683
IN,Sep,3.0408594792716803,0.8941226226279253,0.0006715399234591588,-18.48023191630869
IN,Oct,1.2990942850361522,0.9383556381968056,0.16622467950246012,-0.365206193505232
IN,Nov,1.7649246803987686,1.491362164715438,0.2366382546443344,-14.625336243947185
IN,Dec,3.2281178305244946,2.0109449167492968,0.1084334921240065,-42.37532197102716
NM,Jan,1.5679939787578343,1.1367936498116413,0.16779834617112033,-14.198918477912482
NM,Feb,1.2020908249731717,1.1282712165519484,0.2866826606866274,-6.122429922237267
NM,Mar,2.221641750689048,1.0131910243813722,0.02832773477890662,-16.19409806746019
NM,Apr,1.6775330194555211,1.0245910150938313,0.1015738853642948,-3.651946458368924
NM,May,1.9024681459999733,1.252448410441236,0.1287626948339781,-2.006758817867331
NM,Jun,3.2309751960888518,0.8855535994156303,0.00026373778113634473,-15.784104521938096
NM,Jul,2.308442392036717,0.760910211899937,0.0024150184269116403,-2.4362013047486855
NM,Aug,2.2586737019671843,0.9448525730145838,0.01682527329773981,-3.1829310994049465
NM,Sep,2.7421185500454412,0.7394455942875152,0.0002086192135499149,-13.009993056599882
NM,Oct,2.772277417327264,1.040822734423164,0.007732223984345474,-19.25737705514122
NM,Nov,3.756278751990193,1.1237913579660432,0.0008302572134120727,-40.35375686031335
NM,Dec,2.7089917296521686,0.985325308438742,0.005971588096256705,-30.597706924465882
ID,Jan,2.2225498962130255,1.169205647360249,0.057314341090987715,-33.39918511965773
ID,Feb,1.1010129990249937,1.4208497261436346,0.4384001886132439,-14.973495203204532
ID,Mar,1.321989928468202,1.3197498747866299,0.31648979566187385,-13.14753746265479
ID,Apr,0.5442147936994975,1.4010954450160136,0.6977045589408564,2.9285411033997573
ID,May,0.03377554568699415,1.153124711334081,0.9766329406752758,15.827326243903244
ID,Jun,1.4789487619017376,1.4085217278123237,0.29371780340768006,0.79180732352288
ID,Jul,4.67360964650411,1.4173326186762265,0.0009756062156637255,-39.19566171106677
ID,Aug,2.613526219304584,0.8993576233810343,0.003660905997946052,-10.061312530626958
ID,Sep,3.8230559210885096,1.3522020524332103,0.004694503220441507,-33.15133047786865
ID,Oct,0.7235047225219348,1.43082362801026,0.6130980782440291,2.8521452118624335
ID,Nov,3.5087135981865853,1.3579875473643,0.009772983852782535,-46.418289965301526
ID,Dec,1.3931446268607277,1.117813191703663,0.21264966646037142,-21.717195863423626
MS,Jan,2.2997372285978006,1.309983519250479,0.0791658420385978,-20.431445198397405
MS,Feb,1.7864753352309612,1.4198301585846484,0.2083079683646062,-10.644541339637566
MS,Mar,1.7180733749976391,1.0416016319357522,0.0990547782304565,-5.2072966362615905
MS,Apr,1.2416403360507697,0.8140074948908096,0.12717365917494644,5.8459648451100925
MS,May,0.6093617007563334,0.7322295356818803,0.40529584718473655,19.26092397894939
MS,Jun,0.8542814741247415,0.8693746139306706,0.32578510143975736,19.409982833646104
MS,Jul,0.1242229844623642,0.7490751308590594,0.8682866857436213,31.26875465062735
MS,Aug,0.23370954272782368,0.8409854956156483,0.781089421937402,29.72630322959194
MS,Sep,2.1527943067825235,0.9317659134005831,0.020863505793005194,-0.32564335412799394
MS,Oct,2.310165736738222,0.8408086140413638,0.006004191135826056,-7.993506124261096
MS,Nov,1.7382183487632026,1.1660624218625024,0.1360472374399879,-5.998304215256943
MS,Dec,2.9020153895988097,1.484200022100992,0.050550923054994854,-27.440896783896953
CO,Jan,2.143906237547612,1.057827381460681,0.04269237855909446,-29.128472161956047
CO,Feb,0.6861944087069143,1.214500298600758,0.5720727897019265,-6.404244345025223
CO,Mar,2.033860793408476,1.1881777430811786,0.08694313140855449,-20.656845939251014
CO,Apr,1.6181493445835422,1.180723216206745,0.17053928321220935,-9.961226728712417
CO,May,0.6355077114971098,1.2115800490330855,0.5999113206058095,9.588134872977983
CO,Jun,3.3740939465358815,1.0944506996062446,0.002049865476152721,-23.02666400413866
CO,Jul,2.6533786251589433,0.6277488848253733,2.3702200820723025e-05,-10.001834261435324
CO,Aug,2.080383305594684,0.775395216950369,0.007296557038739814,-3.247891708567124
CO,Sep,4.14020848001917,0.7860550004092204,1.386166620736943e-07,-36.76789361459462
CO,Oct,2.3443307625284766,1.1422635056527808,0.04013512808965273,-18.510549701628182
CO,Nov,4.739123351564082,1.3319919156833007,0.00037380025755441495,-60.67618596251303
CO,Dec,2.0314729524998683,1.0236745184999974,0.04720112131731293,-27.434886414459633
MO,Jan,2.6738152000251842,1.506586074285873,0.07593900391787332,-34.520637157401794
MO,Feb,0.9921907565613939,1.9400618638467215,0.6090554351198926,-7.829491321584405
MO,Mar,1.7930916542687612,1.4502865527120263,0.2163208394976195,-12.75325741769895
MO,Apr,1.3941197774409502,1.185254909537072,0.23950722794031798,-1.1381630061126353
MO,May,0.5990493374571525,0.9852196264028362,0.5431633709803434,15.078326958802979
MO,Jun,2.5260719068794883,0.9114173386063856,0.005578386475125863,-7.565689376261885
MO,Jul,0.5114761548535576,1.0502838729792663,0.6262664893761805,24.0194313110376
MO,Aug,-0.04909410697212353,1.2059793603099254,0.9675279571879386,31.536463998279594
MO,Sep,3.277179854583837,0.9208362923544182,0.00037238730541490047,-20.329553601512146
MO,Oct,1.0709025377617536,0.9759769085625382,0.2725268041611929,4.46486413327684
MO,Nov,3.5468436905253418,1.467307456869568,0.015638426328049602,-38.5895238899586
MO,Dec,4.172012784054338,1.7533860594602202,0.017340686525711663,-54.15992064942361
ND,Jan,3.307831662509286,2.26487291516698,0.1441545543127478,-53.92122959126019
ND,Feb,-1.3834357392008445,2.759183307273598,0.6160944267419983,15.921751315684743
ND,Mar,0.9027176667151469,2.129295431261802,0.6716012957987825,-9.10704910877597
ND,Apr,-1.0923627411542998,1.6731009002895296,0.5138226127587702,28.074320726432287
ND,May,-1.6457400847413086,1.2953681685247387,0.2039135008599815,43.228719631641766
ND,Jun,2.4020225418144374,1.2640993290756404,0.05740885038545739,-9.690236764889061
ND,Jul,2.324452348311902,1.3084653433325995,0.0756551148740012,-5.088286790747922
ND,Aug,1.1332910628460982,1.086400696025043,0.29687363623955865,11.178415364326268
ND,Sep,4.098157306964886,1.1874040991282966,0.000557772011525959,-37.22871035242731
ND,Oct,-0.5724705981850653,1.3981148933780811,0.6822029164446637,20.672912777526086
ND,Nov,5.163618434620718,2.0710615971098463,0.012658930944000618,-71.47101665362493
ND,Dec,3.1563079413358226,2.207266641786829,0.15272785813411854,-50.23033899886845
FL,Jan,0.8939108076865675,1.0381078872336127,0.3891850349709405,6.887297282309926
FL,Feb,1.6537556567485336,1.1399711008842037,0.1468635179407616,-2.311655791639023
FL,Mar,2.271860549392944,1.0655101956752628,0.03299197327172349,-8.79476880515587
FL,Apr,2.384369144086677,0.7375629827678338,0.001225975845410651,-7.585593837970485
FL,May,1.2577878606326536,0.5730695456200123,0.028176091428937608,11.716078989120167
FL,Jun,0.6495048903925164,0.6267920631960668,0.30009176539537774,21.70930292723088
FL,Jul,0.9341698051923558,0.4561766753207275,0.040577191691332726,17.961790650013626
FL,Aug,1.1243004891382258,0.40154589323696926,0.005111365135826934,15.114096637104417
FL,Sep,1.2389232362368574,0.42134442235704567,0.003277835233660234,12.35806579257995
FL,Oct,1.9965311833143085,0.5552970401255222,0.00032385722021866415,-1.0835384706001374
FL,Nov,0.9545262958097402,0.7777014112184081,0.21968408095450054,10.28969808458178
FL,Dec,2.3914088341601847,1.1453412898759365,0.03680285813740653,-13.15415808182186
WV,Jan,2.4614700766959876,1.545848407020018,0.1113150381096732,-31.961891939246154
WV,Feb,1.524004427808992,1.67770150839303,0.3636731029526561,-16.315050019354214
WV,Mar,2.677376008855709,1.4912094969982523,0.07258374919925253,-27.601934329481843
WV,Apr,1.9540728664287554,1.0703590240415828,0.0679069542541454,-11.150377185289637
WV,May,1.142221125273426,1.2024022441134556,0.3421380337755975,5.12159301486774
WV,Jun,0.8512176092195665,0.7010073057863152,0.2246416599850397,13.550836032636376
WV,Jul,0.7080095395957278,0.8715048250203262,0.41656279143609687,17.961708637061435
WV,Aug,1.9363956807203504,0.812038875702854,0.017097255376536814,-0.021668942045485196
WV,Sep,3.1173136263771934,0.9881003934408176,0.0016057780092410365,-20.305793900024916
WV,Oct,1.4734195365850915,1.076261683160151,0.170994252614444,-2.992488812793429
WV,Nov,1.3681223218702758,1.4049554422730148,0.3301640848571401,-8.01102234916781
WV,Dec,1.9680383006640374,1.957177718678419,0.3146325174684741,-22.40178799323363
OK,Jan,2.7122592575352185,1.2910251036469138,0.03565351211381139,-30.046688156759053
OK,Feb,0.597810578553313,1.8575544920171707,0.7475840077386202,2.7923411353984102
OK,Mar,1.8313812597099108,1.2009774268757067,0.12728180242944057,-9.113041457780174
OK,Apr,0.9896601377470517,1.0372235888972778,0.34001101326636574,7.96734950068635
OK,May,0.6238712933328046,1.065565524913944,0.5582224937656677,17.50444673913933
OK,Jun,2.7249105276690178,1.165749579082986,0.019414498023826228,-7.959888765243617
OK,Jul,0.9313087947800105,1.1310989106114662,0.4102996860966628,20.805630882227568
OK,Aug,-0.08153695099003705,1.1787960031149394,0.9448545512868258,34.963761733942434
OK,Sep,2.729738247478344,1.10645451029056,0.013621082454546971,-9.665347460016836
OK,Oct,1.5545140812290987,1.0211487537604576,0.1279291863621252,0.4926852759677409
OK,Nov,3.6737120982618117,1.2373442603778981,0.0029874153210493943,-37.086790314970116
OK,Dec,3.5351434256075978,1.4735340525403173,0.016435794755440165,-41.076595074412516
MI,Jan,2.6628808801726125,1.4418738564646567,0.0647732921185893,-41.5782510573071
MI,Feb,0.6711832337578579,1.7043254906608578,0.693720102536078,-11.672811502887441
MI,Mar,1.6348623537825122,1.4400517368914072,0.2562578977467024,-19.645041820998742
MI,Apr,-0.040949554896908685,1.2057167092276881,0.9729067887883314,11.533951437139295
MI,May,0.046730813286356115,1.1512181389286003,0.967620769608373,16.926873274860622
MI,Jun,2.040243678122298,0.8606425327772508,0.01775898845311035,-6.784360048299661
MI,Jul,1.9015249021054417,0.8509668639720257,0.025447146207966696,-2.017949442996972
MI,Aug,2.039634786265541,0.7735548136232575,0.008371593708766245,-4.668920824851378
MI,Sep,3.6518407635217853,0.778653944891044,2.7328434702930084e-06,-31.762068886249413
MI,Oct,1.4333739743788398,1.0886771421995773,0.18796606980450492,-7.105349291084389
MI,Nov,2.809629112131339,1.4747947517096953,0.05676728221747835,-34.29246567876146
MI,Dec,2.622722775452841,1.58078192481543,0.09708959152065738,-38.09508806743887
OR,Jan,2.1777476666020013,1.2264303995635246,0.07578571136750947,-27.685817630135936
OR,Feb,1.6595840427966988,1.4539153602326422,0.25367917336944235,-18.063650464926052
OR,Mar,0.9708023708149,1.2325522392530017,0.4309097195733741,-4.589065319257534
OR,Apr,0.9831293600888311,1.366323488126846,0.4718060309200204,-1.1671852498291777
OR,May,0.8807118099833804,1.177597237369967,0.4545272207665926,4.817097423609095
OR,Jun,2.0190719831522785,1.2438811938421679,0.10454596562112813,-7.05740992334051
OR,Jul,4.4318856825945865,1.2920754799076988,0.0006034662786007683,-36.281314546708465
OR,Aug,3.260408362458476,0.7454575470353771,1.2215770735210922e-05,-19.513004049123424
OR,Sep,3.1779089964262366,1.286222431069706,0.013483738960142074,-22.582173464119563
OR,Oct,0.9245149480272004,1.4075545552293935,0.5112943942967061,2.6306401587165995
OR,Nov,3.125731516256447,1.2160762957192444,0.010159827125805812,-37.270549779540254
OR,Dec,0.9238215577130082,1.026237198787801,0.36801235819301703,-10.318589579881563
MA,Jan,2.682276282883598,1.3398590476234833,0.045294487677093674,-38.16179070937224
MA,Feb,1.8523934144179202,1.4866203946518872,0.21274849113672623,-24.94147950451046
MA,Mar,1.7547197059550839,1.3264718471579084,0.18588616270571878,-19.27011389422116
MA,Apr,1.0342994758416457,0.8937223428617975,0.24715227741208579,-2.491796553028389
MA,May,0.5053707827956836,0.9553027981926404,0.5967941199834352,11.18215127734204
MA,Jun,1.4684994427361049,0.7728189035828196,0.05740875193267027,2.200118049658183
MA,Jul,2.25490062090645,0.8855186310670539,0.010883476424154062,-5.702813200337186
MA,Aug,3.3143301378125436,0.6985092270298793,2.0864816233891894e-06,-21.418769104578367
MA,Sep,3.168959787479586,0.6289804543188459,4.698113945697865e-07,-23.30851656366449
MA,Oct,1.8015800789511234,0.8778208933925271,0.04013738941087219,-10.23434243889622
MA,Nov,1.4826513224010935,1.1188535058667604,0.18512063488878183,-12.023512491691989
MA,Dec,2.2017862600413176,1.5049228798466243,0.14345209059225103,-28.29023786790382
VA,Jan,2.8184697936787346,1.31263318678138,0.03177834393464486,-34.42715250227917
VA,Feb,2.1850981202207143,1.5834929538308284,0.1676103982897863,-23.08390413961408
VA,Mar,2.6164677941628147,1.281010172887888,0.04110161008565089,-24.36878790654082
VA,Apr,1.9909286366313692,1.0330174043681224,0.053942953742376454,-9.583080812506207
VA,May,0.8404896003698039,1.1194511019242586,0.45276995761108196,11.593857099048535
VA,Jun,0.8529607504751541,0.7204466861732072,0.23643950672248892,16.03721875733023
VA,Jul,1.1897024835219216,0.8890076532867747,0.18081935678616767,13.615160388664178
VA,Aug,2.188280311960643,0.7836401604840788,0.005230965471746001,-1.5483893558552744
VA,Sep,2.586011370031625,0.9151259402502832,0.004715490088306058,-10.863263061985844
VA,Oct,1.5695952682019914,0.9875527613482237,0.1119749332247642,-2.3856740569567627
VA,Nov,1.3123218835117134,1.292935696194018,0.3101087209808736,-4.970909160307628
VA,Dec,2.4085592862982654,1.8025240628296981,0.1814790829166829,-26.25678202726501
MN,Jan,3.1413171073982817,1.9234297342323114,0.10243003726095311,-52.839723151388114
MN,Feb,-0.5853017656553743,2.2309248625007485,0.793045180230829,3.3774348377843477
MN,Mar,2.0129809274872335,1.8558961754617849,0.2780807257963771,-25.94344311374588
MN,Apr,-0.7135692103409887,1.5128765275803002,0.6371667238987234,21.871116565418482
MN,May,-0.9387362946609995,1.186984377172842,0.4290267593347207,32.44484004487307
MN,Jun,2.6907549956671453,1.0679811623625524,0.01175289994602538,-14.68007751232355
MN,Jul,2.3987994182408436,1.10795848552164,0.03038289583830507,-7.798042691345227
MN,Aug,1.256078302041374,0.9593519188584629,0.19043316094556617,7.533395192637191
MN,Sep,3.963859981864691,0.9599127805917237,3.637175037339314e-05,-36.29330857015499
MN,Oct,0.16216201343525422,1.279782522720328,0.8991694545742874,9.857022726809674
MN,Nov,4.724969054254148,1.9407588422334214,0.014908311251843238,-65.12162408304438
MN,Dec,4.2444721866272515,2.0097079971286456,0.034687776770293326,-66.24926339964043
AR,Jan,2.991844623833252,1.2549119098899795,0.017120610440925877,-33.73190054107879
AR,Feb,0.5523389033582331,1.7028523264826478,0.7456647335860165,3.760235796227141
AR,Mar,1.2037186877902115,1.1445669940391563,0.292946200918197,-0.27994420166393663
AR,Apr,0.906998400370626,0.9448545245790011,0.33708821081230456,8.83987064430828
AR,May,0.6652661923683928,0.8638322891245356,0.4412207003724562,16.65110618177071
AR,Jun,1.4791252571586129,0.8942061447751782,0.09810290852411228,9.629481077827032
AR,Jul,0.01679561677815833,1.0094486714725797,0.9867250852786469,33.06810200454849
AR,Aug,-0.3637383167109173,1.1065868730936859,0.7423802604939613,38.389829332827546
AR,Sep,2.413236513911018,0.9753594927765037,0.013353413036521879,-5.106444641840239
AR,Oct,1.5119157472552591,0.9863092297178636,0.12529991398856308,1.489917058600133
AR,Nov,2.542285948941983,1.261058438434289,0.043800627794773346,-20.309670706704253
AR,Dec,3.5254462616622533,1.5702876823959175,0.024761983955469156,-39.88711654782234
SC,Jan,3.096043431403972,1.2123088618789306,0.010654205910172552,-32.43585625447001
SC,Feb,1.9293080762693187,1.3649856999056027,0.1575301181572325,-13.396850926401891
SC,Mar,2.073490693618242,1.0500255938132599,0.04830164564166161,-11.39819964106855
SC,Apr,1.97600436267825,0.9927093502366705,0.04653406586264052,-5.430682217178283
SC,May,1.1424592083169558,0.8607720626443469,0.18442619421510198,10.930061170347148
SC,Jun,0.7464526569703261,0.9276843393667038,0.4210269982492958,20.160804853270506
SC,Jul,0.8250283363242451,0.9971513750670753,0.40801874005905603,20.576028633156923
SC,Aug,1.739235598618448,0.7864814282851683,0.027007220179801526,6.51694743827521
SC,Sep,2.435023856905673,0.8301212589767786,0.003353416971868786,-6.1960571507634175
SC,Oct,2.5504199008106863,0.9583623211736367,0.007785639619882491,-12.835051059074148
SC,Nov,1.0574726803424848,1.1024593036687471,0.33746087131420555,3.1973972657244776
SC,Dec,3.100675837555821,1.6186960281835407,0.05542376371164515,-30.72898547300664
