Region,Month,Dataset,Slope,Slope_SE,Slope_p
AK,Apr,era5,4.486017349339112,1.2339013218861952,0.004725119183297988
AK,Apr,merra2,4.882138875044005,1.1610145193723258,0.0008265506322524541
AK,Aug,era5,1.268655671444966,0.7469327684606311,0.7190875582909735
AK,Aug,merra2,1.3809326464918257,0.8653474156499452,0.6597866407279642
AK,Dec,era5,1.6540081520639542,1.7080951652170093,0.701803238799336
AK,Dec,merra2,0.49648840690211055,1.8574197715907177,0.7863285754451692
AK,Feb,era5,3.6163542036423846,1.9577073996355652,0.1814062125557916
AK,Feb,merra2,4.730259220062811,2.177248674278512,0.086659130333961
AK,Jan,era5,1.7350655860467952,2.264376398597,0.745467445157546
AK,Jan,merra2,1.9111800485813577,2.5441107020541076,0.7202290624899874
AK,Jul,era5,0.8371395932337035,0.687445495205004,0.8127292137678914
AK,Jul,merra2,0.6983748458984299,0.7750418875629644,0.6971483873401638
AK,Jun,era5,1.9662955750492983,0.620825171873443,0.11959644001222824
AK,Jun,merra2,1.9193200507447938,0.7335625325213719,0.21012326581534713
AK,Mar,era5,1.3239752325851122,1.5984590075775709,0.8393853711250376
AK,Mar,merra2,1.0781620926978606,1.7214665499055801,0.9637850031392763
AK,May,era5,4.20692023106687,0.9715185246324474,0.0009636294651682586
AK,May,merra2,4.609153279914914,1.1624552950641664,0.0019042872515180331
AK,Nov,era5,4.075707464677238,1.5709410683410274,0.05024459089320943
AK,Nov,merra2,3.811413931215679,1.862929955095541,0.13126413141401616
AK,Oct,era5,6.4303496763425425,1.1190618024600631,1.2185859297186852e-06
AK,Oct,merra2,6.237250180181459,1.2318211834812596,2.122185088260231e-05
AK,Sep,era5,2.8183065661413087,0.9297231747037257,0.05049455230330069
AK,Sep,merra2,2.693895167451266,1.047334453360603,0.10580506134676115
AL,Apr,era5,1.4365537144488956,0.7635351120264794,0.5674891243023226
AL,Apr,merra2,2.0108760116181954,1.0314792435659665,0.32707350750445374
AL,Aug,era5,0.7179715757403806,0.7481109322046081,0.7061829398158075
AL,Aug,merra2,1.0494010260747373,1.0682505918032532,0.9631151420478035
AL,Dec,era5,2.496912396750084,1.295086666396998,0.2477467901964885
AL,Dec,merra2,3.119962125932909,1.6705714548063655,0.20443958030956377
AL,Feb,era5,1.5755687209775764,1.1645610901129073,0.6211390899730036
AL,Feb,merra2,2.272588603009389,1.4823030983648169,0.3906047411332443
AL,Jan,era5,1.9895072903682298,1.2014404133184384,0.4101664189886556
AL,Jan,merra2,3.0058969499561408,1.4680592515715842,0.17182610167725132
AL,Jul,era5,0.3961535403764419,0.6772336052366366,0.3725875951513742
AL,Jul,merra2,0.7680442031602615,1.0417285409205763,0.8237967580392775
AL,Jun,era5,1.0063456502590868,0.7789642275276634,0.9935002915507931
AL,Jun,merra2,0.49082466050844886,1.1163403258796758,0.6483100077644401
AL,Mar,era5,1.7284551961492352,1.0720426004494834,0.49681977875500793
AL,Mar,merra2,2.10698097902504,1.2823337519870914,0.387997298772659
AL,May,era5,1.2019617573919064,0.5819962649393867,0.7285796322112177
AL,May,merra2,1.0081041636332453,1.0042870935142236,0.9935614856487058
AL,Nov,era5,0.8458252083189474,1.0071526184268127,0.878335290351008
AL,Nov,merra2,2.2891929700451845,1.3661853534439026,0.34535146554031204
AL,Oct,era5,2.178552526131508,0.6986455716051148,0.09162056949101771
AL,Oct,merra2,2.397706000439111,1.0523200721590966,0.1841074997524066
AL,Sep,era5,2.244865101325255,0.741310814884313,0.0930983603901645
AL,Sep,merra2,2.5166153097082233,1.101758584548291,0.1686543584431326
AR,Apr,era5,0.7072432237700008,0.9250680543524227,0.7516453912292269
AR,Apr,merra2,1.1067535769712507,1.1389454507340344,0.925323485265886
AR,Aug,era5,0.06757574748341422,0.986392158733009,0.34451207960503405
AR,Aug,merra2,-0.795052380905254,1.4304146037341265,0.20950869462768917
AR,Dec,era5,3.0506606557898848,1.4298138163417744,0.15151087127216845
AR,Dec,merra2,4.000231867534627,1.7532602878847268,0.08703863476542417
AR,Feb,era5,0.25683157130389767,1.4700508404308337,0.6131801238870085
AR,Feb,merra2,0.8478462354125675,1.8067034077734494,0.9328845078174006
AR,Jan,era5,2.4581755170719517,1.1681247988945602,0.2119195436740029
AR,Jan,merra2,3.525513730594551,1.4819762548128914,0.08835257652395812
AR,Jul,era5,0.37974568272731385,0.8436984043983384,0.4622413360899622
AR,Jul,merra2,-0.3461544491710003,1.3418411353752155,0.3157573907714277
AR,Jun,era5,1.7505536087938451,0.7870556105414271,0.3402749747568907
AR,Jun,merra2,1.2076969055233755,1.160320013524974,0.8579379567450784
AR,Mar,era5,1.3384675814976092,1.163427978445233,0.7711104576596735
AR,Mar,merra2,1.068969794082814,1.2926931767078742,0.9574501993740165
AR,May,era5,0.7348247128214753,0.7779429881068778,0.7332035204214393
AR,May,merra2,0.5957076719153133,1.0593277947345274,0.7027210791820655
AR,Nov,era5,1.8422573029024198,1.114008916200038,0.4496133726888445
AR,Nov,merra2,3.242314594981547,1.4794857664130507,0.12961950656252474
AR,Oct,era5,1.4856134837560904,0.7894748354431683,0.5384823982218723
AR,Oct,merra2,1.5382180107544234,1.1915168377415837,0.6514791589156614
AR,Sep,era5,2.6391442653968338,0.7837217431976204,0.0364843816800533
AR,Sep,merra2,2.1873287624251985,1.2147790613440959,0.3283696525020301
AZ,Apr,era5,1.4253949593676358,1.0945612596474579,0.6975393151167057
AZ,Apr,merra2,0.9766237812893512,1.3530357001229734,0.9862157397943685
AZ,Aug,era5,2.082047953516544,0.6656426613037363,0.10404141326695404
AZ,Aug,merra2,2.148837371269154,0.8941604548022187,0.19885435687830366
AZ,Dec,era5,1.2666249990258602,0.9847884947176709,0.7865883839161114
AZ,Dec,merra2,2.0243841470445876,1.1854159482856172,0.38750227224974454
AZ,Feb,era5,1.4105208517559822,1.1761109656131217,0.7270522073025301
AZ,Feb,merra2,1.2306063295063627,1.4023231222437,0.8693801090505211
AZ,Jan,era5,1.2198496174391875,1.102993654808952,0.8420117813552448
AZ,Jan,merra2,2.031044247851807,1.3101900113361369,0.43131550684206976
AZ,Jul,era5,2.000100881016766,0.6018391224560262,0.0965646713266668
AZ,Jul,merra2,2.484159323955207,0.7448028715117623,0.046295684071275156
AZ,Jun,era5,2.6519880752436142,0.8021800040426909,0.03945849231235665
AZ,Jun,merra2,2.5643982413138664,1.035298592516164,0.13077317699699842
AZ,Mar,era5,2.2268078081053613,1.1831605684087747,0.2997869490623739
AZ,Mar,merra2,2.1003608097383926,1.3804141518808268,0.4253792044464233
AZ,May,era5,0.5247854401371267,1.114265664354619,0.6697564581887365
AZ,May,merra2,0.5458525890984199,1.4487412037149139,0.75391810092606
AZ,Nov,era5,3.6193158312289824,1.103407231379261,0.01760402109158976
AZ,Nov,merra2,5.066485552035137,1.4239104113860959,0.004292074148582792
AZ,Oct,era5,2.4698344362213303,0.9958333254916685,0.13994808478481757
AZ,Oct,merra2,3.242550186000307,1.2058277622021334,0.06291949515516282
AZ,Sep,era5,2.3076941635403165,0.662298809561236,0.04832746209932326
AZ,Sep,merra2,2.694747534643084,0.8097110356253502,0.036346692045553075
CA,Apr,era5,0.8538131237472628,1.1335606006820638,0.8973872746801153
CA,Apr,merra2,0.5207578699294242,1.5470027165755758,0.7567225450920385
CA,Aug,era5,2.1724500794276413,0.5022791494703747,0.019582116867499888
CA,Aug,merra2,2.222125450597927,0.6666967520911655,0.06678689060869347
CA,Dec,era5,1.0657024689339034,0.7601957033201449,0.9311259021911318
CA,Dec,merra2,0.49944091142915387,1.1874448392065753,0.6733586010482047
CA,Feb,era5,1.9896595726335788,1.118959860731626,0.3764555007062591
CA,Feb,merra2,1.7244410467429876,1.489341230083889,0.6266714667116915
CA,Jan,era5,2.0819085350944997,0.935418408569054,0.2474342475486706
CA,Jan,merra2,1.2711586285595873,1.3208489492854742,0.8373446410644763
CA,Jul,era5,2.5017944385770505,0.6373367944932784,0.01845506094924998
CA,Jul,merra2,2.9538526806283443,0.8570433883413305,0.022621964957918905
CA,Jun,era5,2.207530956752492,0.9381420564023697,0.19804148747214967
CA,Jun,merra2,2.3415919459424637,1.4271830976809663,0.34720324411910064
CA,Mar,era5,1.4872358990615029,1.199921524925608,0.6847011086799284
CA,Mar,merra2,1.9394735022932683,1.5801943405000596,0.5521574458177654
CA,May,era5,-0.09773421858934904,1.1384592517492131,0.33493165961795013
CA,May,merra2,-0.09372535736750642,1.6118654670000605,0.4974253745022006
CA,Nov,era5,2.761779619967621,1.0004966520060516,0.07825447286690856
CA,Nov,merra2,3.6067105082773327,1.3725824072504262,0.057547569309247315
CA,Oct,era5,1.9494251996339185,1.050116052299087,0.3659346651823996
CA,Oct,merra2,2.552143460301604,1.3279164510538999,0.2424615476641554
CA,Sep,era5,2.843370124492238,0.7477373613642168,0.013691226945267143
CA,Sep,merra2,3.0545342567181257,1.0354816966380047,0.047240923535329715
CO,Apr,era5,1.7444553925604733,1.12485676865021,0.5080850564540977
CO,Apr,merra2,1.491843296606613,1.446248612245462,0.7337946850224493
CO,Aug,era5,2.1764007341394267,0.6621027412136306,0.07560697307997799
CO,Aug,merra2,1.984365877049942,0.8470404279948632,0.2451851638604281
CO,Dec,era5,2.2208659024493715,1.0422764898936603,0.2414599192134097
CO,Dec,merra2,1.842080002550364,1.2157852688653166,0.48854660509081294
CO,Feb,era5,1.2383322897247158,1.162649866765941,0.8375794719190659
CO,Feb,merra2,0.13405652768911613,1.2667312101272417,0.49422478437908013
CO,Jan,era5,2.331528808651079,1.0768346364438204,0.21626490706472556
CO,Jan,merra2,1.956283666444145,1.2055971569405768,0.4276593740235355
CO,Jul,era5,2.4265187408932753,0.596581359642416,0.01679544219312179
CO,Jul,merra2,2.880238509424608,0.8022026400424631,0.019086110119290955
CO,Jun,era5,3.6464746488315782,1.0262454905771496,0.009914618942372888
CO,Jun,merra2,3.1017132442401847,1.33426434533515,0.11521373788307043
CO,Mar,era5,2.601293699284048,1.0636951367765952,0.13221956845991878
CO,Mar,merra2,1.466427887532905,1.348844145532945,0.729494372464834
CO,May,era5,0.7330377692780339,1.073294385766211,0.8035684029540888
CO,May,merra2,0.5379776537161872,1.3888943417379913,0.739394885048126
CO,Nov,era5,4.3798061414236305,1.2433776740650004,0.006562906306095684
CO,Nov,merra2,5.09844056170454,1.5348258067133203,0.007578420808576292
CO,Oct,era5,2.110842962008919,1.001861180628937,0.26752539234247963
CO,Oct,merra2,2.5778185630480377,1.2148535244817786,0.19402195436267533
CO,Sep,era5,4.161236571873508,0.74779944472807,2.3642235533305467e-05
CO,Sep,merra2,4.11918038816483,0.9146068623536768,0.0006486632893107913
CT,Apr,era5,0.6153589070397013,0.8026028150335831,0.631766376722736
CT,Apr,merra2,1.2935468004496988,0.9842333752231579,0.76551298595365
CT,Aug,era5,2.139075109723696,0.5872197877873295,0.05240686503930392
CT,Aug,merra2,4.276151066907919,1.0116737348481764,0.0012022429329030526
CT,Dec,era5,2.045371779529382,1.3677013067641606,0.4446720756696747
CT,Dec,merra2,2.258865885680953,1.7431695041378665,0.4701895545319561
CT,Feb,era5,1.1923052081173713,1.3077408094343836,0.8830913948514603
CT,Feb,merra2,2.4389172433484823,1.7251000473414708,0.4042209462844055
CT,Jan,era5,2.3564207466973857,1.3270475784551765,0.30671737706684166
CT,Jan,merra2,2.774611189467962,1.624488900115221,0.2746520451451513
CT,Jul,era5,1.1493925032010817,0.7887094585827192,0.8497684621537023
CT,Jul,merra2,3.2374121289644893,1.2403369094652619,0.07125098251451778
CT,Jun,era5,0.4169907634565666,0.7388493265929262,0.4300668246673569
CT,Jun,merra2,2.166976744443741,0.8039716577606789,0.1466365695009446
CT,Mar,era5,1.2151042908630245,1.1298604995367711,0.8490103638981046
CT,Mar,merra2,2.236302821171352,1.4800133579070927,0.4035306896788713
CT,May,era5,0.24786218371440547,0.9701526686280033,0.4381755307583184
CT,May,merra2,0.37506705280860586,1.0774956049660775,0.5619236950909685
CT,Nov,era5,1.225805116102017,1.0041507592625136,0.8220790640610913
CT,Nov,merra2,1.7650510717632413,1.2640276860563788,0.5450137838395535
CT,Oct,era5,1.3843719319162504,0.8001664907727036,0.6309679164967772
CT,Oct,merra2,2.0572530806492915,1.0500609075274578,0.3140072033015868
CT,Sep,era5,2.232107125850037,0.5926850334480881,0.03763054326086057
CT,Sep,merra2,3.881623187348014,0.9243592244299733,0.0018243659743168994
DE,Apr,era5,1.6231785580981164,0.7703958978432421,0.4185686992618509
DE,Apr,merra2,2.5224625402417664,0.9499116098009586,0.1089917878477924
DE,Aug,era5,1.493040093921539,0.5652146302643533,0.3830414839523808
DE,Aug,merra2,2.9324273937582053,1.170245695807554,0.09867721435818422
DE,Dec,era5,2.0235730414136386,1.4750964362457015,0.48774338265136485
DE,Dec,merra2,2.0765531239951964,1.9341350330730833,0.5777959610185914
DE,Feb,era5,1.5108074439282726,1.4244592164758783,0.7198962540294074
DE,Feb,merra2,2.7555741686144297,1.8438145668265962,0.34102472924911575
DE,Jan,era5,2.330586464170409,1.31120485171287,0.3102099804648999
DE,Jan,merra2,3.2134683515324634,1.6238204548784985,0.17284348887638679
DE,Jul,era5,1.0925536170348003,0.6354775478461769,0.8842022759724122
DE,Jul,merra2,1.7721993598451398,1.2187557073620667,0.5263441805797102
DE,Jun,era5,0.7743750742946234,0.6095972491229187,0.7112921129584058
DE,Jun,merra2,1.4648891908013422,0.9113625934880316,0.6099789978012038
DE,Mar,era5,2.068557896215467,1.1531677467714618,0.35411954380578137
DE,Mar,merra2,2.6804987988159574,1.4138449431040767,0.23459635620252484
DE,May,era5,0.47556537542898825,0.8932125265416618,0.5571143301229049
DE,May,merra2,0.8246053963696781,1.0920352709636079,0.8723985451880352
DE,Nov,era5,0.7988052449566243,1.0541508870211627,0.8486356385699168
DE,Nov,merra2,1.517987337910264,1.281959122090391,0.6861692091666531
DE,Oct,era5,1.5366954503217725,0.771846077622707,0.48684225330799236
DE,Oct,merra2,2.113537185144472,1.0777775896919246,0.30152013293788604
DE,Sep,era5,1.7194625887089348,0.5469041485875236,0.18833566500963128
DE,Sep,merra2,2.7193077798906335,1.0193432225775534,0.09166453116705009
FL,Apr,era5,1.7794087818849673,0.5732139574871431,0.17391948572792493
FL,Apr,merra2,2.9893295062883896,1.0400510509206298,0.05578353052464924
FL,Aug,era5,0.7690966074932999,0.36098432920409346,0.5224005893790444
FL,Aug,merra2,1.4795043707831492,0.545533558075945,0.3794207831444929
FL,Dec,era5,2.1694140707769947,1.0145547769662318,0.24905912800047414
FL,Dec,merra2,2.613403597543381,1.3101783848627688,0.21815904979227851
FL,Feb,era5,1.435629571537548,0.9664071860066844,0.6521536811897173
FL,Feb,merra2,1.8718817419595248,1.3371797665391585,0.5143816174275209
FL,Jan,era5,0.78032485863299,0.9926272071665929,0.8248535630215019
FL,Jan,merra2,1.0074967567401494,1.2009754745860308,0.9950194589811734
FL,Jul,era5,0.34731894333152685,0.36629938280385715,0.07477792597295863
FL,Jul,merra2,1.521020667053183,0.569358465477498,0.36013845707352843
FL,Jun,era5,0.6068429187746778,0.5444944102854693,0.47025821341762497
FL,Jun,merra2,0.6921668620103517,0.8747237230638413,0.7248979463811696
FL,Mar,era5,1.7650565890952161,0.9012689359158154,0.3959558396919389
FL,Mar,merra2,2.7786645096906737,1.2797809589375322,0.1645837005544588
FL,May,era5,0.9676479710053851,0.43006171115441794,0.9400345155281744
FL,May,merra2,1.5479277502599202,0.7946736724578907,0.4905084728788691
FL,Nov,era5,0.5765072007481861,0.6893162440077863,0.5389731762965462
FL,Nov,merra2,1.3325453908712968,0.854888886578116,0.6972816722663417
FL,Oct,era5,1.7494996993990446,0.44291150460947193,0.09060575884877542
FL,Oct,merra2,2.24356266722957,0.625095532954813,0.04665749063699187
FL,Sep,era5,1.0207106346399208,0.40701634511854756,0.9594179259035656
FL,Sep,merra2,1.4571358378337926,0.5138655581805648,0.3736796219571574
GA,Apr,era5,1.5324924836110954,0.7789101007786126,0.4942038314610935
GA,Apr,merra2,2.449650996486006,1.1623677798895935,0.21234123456528886
GA,Aug,era5,0.969220418708704,0.6641503465747011,0.9630358328651525
GA,Aug,merra2,1.8735015174929404,1.0760087848971778,0.4169076896537862
GA,Dec,era5,2.539489671525723,1.3261365662119926,0.24568939844318338
GA,Dec,merra2,3.3497870537029137,1.7743548897508312,0.18540177036564653
GA,Feb,era5,1.4362323730108988,1.126961844799361,0.6986917400474133
GA,Feb,merra2,2.161794066120392,1.4237467642563892,0.4144934244912677
GA,Jan,era5,2.0974885678067143,1.1572776928331736,0.34295822285625377
GA,Jan,merra2,3.1670737069353803,1.4471502725258731,0.1342692831964234
GA,Jul,era5,0.5525779725246892,0.7069486507746386,0.5268042813961367
GA,Jul,merra2,1.2277865542854212,1.1860682173833355,0.847701618002016
GA,Jun,era5,0.8492490306579211,0.7739697753811908,0.8455680766081388
GA,Jun,merra2,0.5447145995436166,1.22681555938954,0.7105544628654605
GA,Mar,era5,1.8348509750515094,1.072179769510084,0.43618690760100387
GA,Mar,merra2,2.4461692111144417,1.2620929964363308,0.25185723864370324
GA,May,era5,1.1167791246475647,0.5584678610234387,0.8343652894969156
GA,May,merra2,1.455810955720052,1.1348966446899618,0.6879547808049133
GA,Nov,era5,0.6636397486644244,0.9583376575526821,0.7256010823516461
GA,Nov,merra2,1.8761300881158627,1.2925199177750015,0.4978690314116543
GA,Oct,era5,2.397785516850679,0.665677468459338,0.035746971225777635
GA,Oct,merra2,2.712005219363069,0.9407697525977302,0.06879069462800635
GA,Sep,era5,2.104735410375577,0.7189293265417964,0.12438154265426604
GA,Sep,merra2,2.1183040886949582,1.1069118503597122,0.31235545542082543
HI,Apr,era5,1.374428710290459,0.32883878511895326,0.2548536979556826
HI,Apr,merra2,0.9080926375450036,0.47322374616168666,0.846007186437894
HI,Aug,era5,0.9695611897471554,0.25405235625161665,0.9046311735688768
HI,Aug,merra2,0.5814220193015915,0.4418254579867796,0.3434435896284582
HI,Dec,era5,1.008463971336952,0.29349097071282104,0.9769930364331056
HI,Dec,merra2,0.64783280914749,0.4313253215585971,0.41422739111260176
HI,Feb,era5,0.7639337303260493,0.35433887534585673,0.5052729726340066
HI,Feb,merra2,0.10946741687259097,0.4639075231781607,0.05490416566279599
HI,Jan,era5,1.3598602308181393,0.2593132810248064,0.1652152698991305
HI,Jan,merra2,0.8025567894390034,0.3857229328314611,0.6087361654267691
HI,Jul,era5,1.2565525945325227,0.2251857694993384,0.2545809232718148
HI,Jul,merra2,0.636423714850767,0.40328816002699047,0.36730670876215754
HI,Jun,era5,0.9736925554265993,0.275146251743518,0.9238282690598312
HI,Jun,merra2,0.3805979553894694,0.4099088171861548,0.13076991598419307
HI,Mar,era5,0.4288923596760075,0.38829377746414256,0.1413416228835347
HI,Mar,merra2,0.5500952886704458,0.5290975744556268,0.39514461397258716
HI,May,era5,1.323379276891267,0.3586002025986632,0.36717258120133645
HI,May,merra2,0.7962009163056155,0.4862545750005932,0.6751283352102468
HI,Nov,era5,0.9624898820921792,0.26160328914538344,0.8859857355022174
HI,Nov,merra2,0.6713886027681164,0.36203499474026285,0.36404808264945876
HI,Oct,era5,1.0088954703302597,0.24750554813571457,0.9713298114774491
HI,Oct,merra2,0.5712914630200434,0.4482933414391944,0.3389143642393728
HI,Sep,era5,1.1152032901885585,0.25226190884896965,0.6479001516350884
HI,Sep,merra2,0.5601550622374647,0.4467295676312766,0.3248260835898409
IA,Apr,era5,0.7215714570851576,1.277715834393342,0.827498329659949
IA,Apr,merra2,1.2640018469062448,1.5709100420589452,0.8665387286477737
IA,Aug,era5,0.9593419877069315,0.9038262751217474,0.9641198054460736
IA,Aug,merra2,1.7576376412093626,1.4167401297649935,0.5928052383627804
IA,Dec,era5,3.7462604567546602,1.8120401883370443,0.1296299736158011
IA,Dec,merra2,4.987497325933989,2.112966663126151,0.05913937124907109
IA,Feb,era5,-0.4155512066867539,2.1224200971310148,0.5048031317687081
IA,Feb,merra2,0.2129447541914755,2.3728161432949824,0.7401183050560431
IA,Jan,era5,1.4179313732750243,1.7218545919238593,0.8082210410810098
IA,Jan,merra2,3.0875483760457345,1.9335328401275993,0.2802958448887687
IA,Jul,era5,0.9202796858858308,0.9374465461189273,0.9322297093384597
IA,Jul,merra2,2.0717497972206464,1.7308267889474978,0.5357762967083208
IA,Jun,era5,2.3863570656991233,0.8040112832481412,0.08465360729695326
IA,Jun,merra2,3.0513095163993906,1.22151511682339,0.09309053232363129
IA,Mar,era5,1.8280207465397396,1.686216473962172,0.6233893446972449
IA,Mar,merra2,1.2263713729579286,1.8498882961849965,0.9026057643611642
IA,May,era5,-0.03164400268061526,1.0619839272302931,0.33133374720580844
IA,May,merra2,0.03505275737148625,1.2684145621577307,0.4468059969014737
IA,Nov,era5,3.842727455747013,1.651360373694377,0.08516995102512959
IA,Nov,merra2,5.5464431151747196,2.044563963891882,0.026170405935349805
IA,Oct,era5,0.49273335958970704,0.9973623615637551,0.611026904736746
IA,Oct,merra2,0.8870695941593237,1.3084851617597488,0.9312229955394424
IA,Sep,era5,3.390844121863889,0.7831268103918017,0.002266064628269726
IA,Sep,merra2,4.616404719750484,1.162436271052559,0.0018641937421011168
ID,Apr,era5,0.2580266341580438,1.1495995084842883,0.5186556935350408
ID,Apr,merra2,0.8304029532409503,1.714226333659842,0.9211898493908182
ID,Aug,era5,2.594441991099338,0.8923343186989765,0.07396637128754335
ID,Aug,merra2,2.632610447509831,1.0338103825432716,0.11428639914935212
ID,Dec,era5,1.3145981289122879,1.0865305329669177,0.7721653024766819
ID,Dec,merra2,1.4716911248091697,1.21325303120423,0.6974373045877464
ID,Feb,era5,1.1673681014394384,1.293415711111265,0.8970410813555678
ID,Feb,merra2,1.0346578966105524,1.4162390935570006,0.9804762904050406
ID,Jan,era5,2.051736876218697,1.1319268075859306,0.35280811295692915
ID,Jan,merra2,2.393362916207355,1.247042039794293,0.26385139048110395
ID,Jul,era5,4.397927408722099,1.2158853212829117,0.005196207784536444
ID,Jul,merra2,4.94929188428612,1.4479355751734904,0.00638098985643798
ID,Jun,era5,1.6453710361310994,1.2383327575236538,0.6022544523148421
ID,Jun,merra2,1.3125264876723797,1.5354236034046884,0.83870974346656
ID,Mar,era5,1.2838660322455595,1.0535433304062694,0.7875916069342217
ID,Mar,merra2,1.3601138246908449,1.463320105032657,0.8056097179282906
ID,May,era5,0.11446792016856511,1.0787768464713847,0.41172215330119144
ID,May,merra2,-0.04691682879457316,1.3430413332114859,0.4356781745865448
ID,Nov,era5,2.7449219555076705,1.200588811659223,0.1461159214604193
ID,Nov,merra2,4.272505240865509,1.4855628054888206,0.027603746361270387
ID,Oct,era5,0.2967221905428043,1.2365256108077747,0.5695236874372998
ID,Oct,merra2,1.1502872545010652,1.5557531554637687,0.9230432909477566
ID,Sep,era5,3.5376851343753977,1.1339729533177376,0.025229471703578144
ID,Sep,merra2,4.108426707801622,1.3334141888680715,0.019743940684177286
IL,Apr,era5,1.0832933872315105,1.1195276759381552,0.940691733439911
IL,Apr,merra2,1.9861999705232294,1.2988110951113472,0.4476672668242254
IL,Aug,era5,0.7105501766925121,0.8584964000284812,0.735997011608446
IL,Aug,merra2,0.5873762772649922,1.361653870667981,0.7618660195245421
IL,Dec,era5,3.293142660812922,1.7020454251977308,0.1778880091264754
IL,Dec,merra2,4.652275394936605,2.09103155464355,0.08070013280645716
IL,Feb,era5,0.6035171727183404,1.8241612879172386,0.8279350081102594
IL,Feb,merra2,1.6408231556882507,2.174716904528163,0.7682462196161282
IL,Jan,era5,2.1127833356266588,1.4522513125560512,0.44352929663467267
IL,Jan,merra2,3.8469053461379628,1.756470639112979,0.10505837248664984
IL,Jul,era5,0.29612985083340737,0.8988140147002546,0.4335625806784855
IL,Jul,merra2,0.9813906442010673,1.5625889613358976,0.990497970314359
IL,Jun,era5,1.9302981320379606,0.7209998724072743,0.1969503695225585
IL,Jun,merra2,2.4573491730872954,0.9140464500677283,0.1108480609774074
IL,Mar,era5,1.9442327098954961,1.5179625163480905,0.5339158668298594
IL,Mar,merra2,1.8004441079778752,1.69539386868563,0.6368349261499755
IL,May,era5,0.5652054208090864,1.0912773480047333,0.6903153106505231
IL,May,merra2,0.7405732538303836,1.1612513297618756,0.823222060428008
IL,Nov,era5,1.9775063732677491,1.4219892763111386,0.49181698815037755
IL,Nov,merra2,3.3504048024424904,1.7515673723918104,0.17963276415374008
IL,Oct,era5,0.8169615113566709,0.8983820199561924,0.8385548242638181
IL,Oct,merra2,1.0497920290073421,1.1389419895815736,0.9651293568054362
IL,Sep,era5,3.0262638645072646,0.7800170486744545,0.009384569162641299
IL,Sep,merra2,3.438793564280697,1.0959873123714936,0.026067655872949125
IN,Apr,era5,1.1709588395053891,1.0185909493063428,0.8667102852379895
IN,Apr,merra2,2.2887198921279244,1.1725335157670815,0.27172880004578603
IN,Aug,era5,0.9324161667285515,0.8035012632532842,0.9329676460373584
IN,Aug,merra2,1.175458079779636,1.1815903158693937,0.8819535836762586
IN,Dec,era5,2.796498633641346,1.7196650024941316,0.2961711605715873
IN,Dec,merra2,3.659737027407652,2.076189156892487,0.20017019921121348
IN,Feb,era5,0.7712152317625013,1.73460048451098,0.8950675088758226
IN,Feb,merra2,1.7559445763051882,2.0712602664325543,0.7151349836100058
IN,Jan,era5,2.4322802699738126,1.4926487444003487,0.33727865142466995
IN,Jan,merra2,4.065512048640154,1.7077884592901258,0.07265073658595411
IN,Jul,era5,0.19653156532860827,0.8922845184645993,0.36787435998419626
IN,Jul,merra2,1.421275100636952,1.3079256392952834,0.7473814257972349
IN,Jun,era5,1.535246551007357,0.788264632709675,0.4971259130473591
IN,Jun,merra2,2.2635768511765977,0.8513961644560477,0.13777622352195595
IN,Mar,era5,2.0353593043744342,1.5523156001010752,0.5047866181578944
IN,Mar,merra2,2.131029761527632,1.738645154497064,0.5153540415354831
IN,May,era5,0.7015880084212099,1.1629288128582556,0.797484615297068
IN,May,merra2,1.2401120282209634,1.2496697057988824,0.8476322354007455
IN,Nov,era5,1.1976135872494016,1.3725662472758913,0.8855211535247669
IN,Nov,merra2,2.332235773548134,1.712807859793924,0.43668217048109437
IN,Oct,era5,1.155546565698913,0.8894924450042097,0.8611808808541985
IN,Oct,merra2,1.4426420043733854,1.1351409867698408,0.6965775742089528
IN,Sep,era5,2.6722646869199203,0.8375802921480207,0.045874899775561806
IN,Sep,merra2,3.4094542716234417,1.0691531354646966,0.02422070932248066
KS,Apr,era5,1.2690736759450418,1.2149691701084484,0.8247300471589329
KS,Apr,merra2,1.091978262636258,1.5536267465837732,0.9527909849528742
KS,Aug,era5,0.43659066905570304,1.0417036595162026,0.5886083912623397
KS,Aug,merra2,0.39255181861230953,1.524142269740704,0.6902241907751776
KS,Dec,era5,3.3476043958293507,1.5075100835062278,0.11940573876090843
KS,Dec,merra2,3.8081597586514278,1.704532260382207,0.09946220109332482
KS,Feb,era5,0.7442024104049678,1.8896023384606218,0.8923184548645748
KS,Feb,merra2,-0.2338539214684984,1.9744269031334865,0.5320252069741076
KS,Jan,era5,2.5840600066711654,1.3637177071366742,0.24540825784356923
KS,Jan,merra2,1.9607152887394899,1.5289015078475958,0.5297618213742519
KS,Jul,era5,0.7965591602295382,0.9328502296175649,0.8273627194897979
KS,Jul,merra2,1.2121613946974112,1.4812900206274138,0.8861105501056912
KS,Jun,era5,3.715072038966291,0.9637203049052964,0.004843195406739831
KS,Jun,merra2,3.3634214504453714,1.4480627504343695,0.10265286037914767
KS,Mar,era5,2.6405825367150935,1.470068781376368,0.26442627610768143
KS,Mar,merra2,1.4456359305818625,1.5992306005881312,0.7805084827875965
KS,May,era5,0.4248343795356118,1.020612240766979,0.5730606949891455
KS,May,merra2,-0.16041521582674892,1.288873652498942,0.36794317441429936
KS,Nov,era5,3.9698102293028787,1.3005352442869045,0.022399213807224427
KS,Nov,merra2,5.117087721558822,1.6108573415964789,0.010593293139001814
KS,Oct,era5,1.2795505360986685,0.9987103266403603,0.7795453806099975
KS,Oct,merra2,1.212029691694432,1.2586468938951905,0.866222636799415
KS,Sep,era5,3.0761591742869534,0.9328375176283822,0.026038399396743683
KS,Sep,merra2,3.1250442936469924,1.3138324567044148,0.10578348097834755
KY,Apr,era5,1.608532471536528,0.9793295127475666,0.5343518453694367
KY,Apr,merra2,2.3607094178457193,1.1137862102972618,0.22182218158268707
KY,Aug,era5,0.8970250778662792,0.8630657657835835,0.9050274245623966
KY,Aug,merra2,0.21563876738027993,1.2965533445722988,0.5452064351131702
KY,Dec,era5,2.6657985845133125,1.6430595794370522,0.3106593780490772
KY,Dec,merra2,3.032112233249641,2.0497773355087916,0.32149911505212936
KY,Feb,era5,1.0541465917828348,1.5095051100400172,0.9713856770878413
KY,Feb,merra2,1.7716651131158707,1.9407038834844788,0.690909390667088
KY,Jan,era5,2.3237655911682857,1.4063081622375206,0.34654833109677874
KY,Jan,merra2,3.7826621568780268,1.680731958058476,0.09779774692731635
KY,Jul,era5,0.3018240074262018,0.743901077802327,0.3479703713183975
KY,Jul,merra2,0.04020521246066962,1.154616275412796,0.4058226266143805
KY,Jun,era5,1.3154187680918634,0.7610761306148492,0.6785534617423281
KY,Jun,merra2,1.5031773795836851,0.900793857860494,0.5764393394657152
KY,Mar,era5,2.1123237323870234,1.3475095640481662,0.4091069083711394
KY,Mar,merra2,2.1339960108993905,1.581125232244736,0.4732456290166178
KY,May,era5,1.2282195906663755,1.0238881473957802,0.8236171959616956
KY,May,merra2,1.1853034778973957,1.1997539503575998,0.8772539595234443
KY,Nov,era5,0.956313508441088,1.282463073359543,0.9728256994096649
KY,Nov,merra2,1.5901962777834073,1.6449325267702744,0.7197472199929638
KY,Oct,era5,1.4154259518634158,0.8349720393889191,0.6188133997538161
KY,Oct,merra2,1.498352336152478,1.1825506669490726,0.6734472849924762
KY,Sep,era5,2.6706078472192774,0.9032689594018317,0.06438374616338516
KY,Sep,merra2,2.8166322759232876,1.2174391712722996,0.13565327857698062
LA,Apr,era5,1.0241590975976707,0.766729748874837,0.9748633963853743
LA,Apr,merra2,1.202235344619291,0.9934831541029694,0.8386958484996412
LA,Aug,era5,0.6774814541949017,0.719810866225705,0.6541098057699464
LA,Aug,merra2,0.16365275904289092,1.0953851168612567,0.4451539943269096
LA,Dec,era5,2.4857830571462536,1.1666475537567664,0.20282322601911495
LA,Dec,merra2,3.017864023520373,1.4357495375163316,0.15988961128436152
LA,Feb,era5,1.2463475522663106,1.1955904336809773,0.8367543744991914
LA,Feb,merra2,1.7793347959841295,1.4330802678350478,0.5865667445645653
LA,Jan,era5,1.6872896996362012,1.159862485377386,0.5534747403361853
LA,Jan,merra2,2.438982810083793,1.3884536444766233,0.30001911278120863
LA,Jul,era5,0.6118894590946837,0.4830108125388853,0.42167221681407074
LA,Jul,merra2,0.7111435820713822,0.9650071637853264,0.7646876154941693
LA,Jun,era5,1.4301996848930674,0.6293295692778892,0.4942378300430812
LA,Jun,merra2,1.0169022700642176,1.136176498985661,0.988130749997981
LA,Mar,era5,1.7468300002127464,0.9309009758663012,0.42239923100090815
LA,Mar,merra2,1.6028031633222426,1.1348733241105182,0.5953055593056804
LA,May,era5,1.0084114637125292,0.6391949060079583,0.9895005681855833
LA,May,merra2,0.8231969193665754,0.990197928136368,0.8582884877684316
LA,Nov,era5,1.1852210691792848,0.911051912149604,0.8388969392252603
LA,Nov,merra2,2.3878775609987732,1.2515464114624475,0.267460312208355
LA,Oct,era5,2.174079428763155,0.5179400593967924,0.023400923753810865
LA,Oct,merra2,2.2835406352884444,0.7669810142814883,0.09422944308418835
LA,Sep,era5,2.1500140266221175,0.6219780884495593,0.06446325906062711
LA,Sep,merra2,1.5197823525745375,0.9927457098960949,0.6005703070464647
MA,Apr,era5,0.8013148731353794,0.8133732024513316,0.8070193791738676
MA,Apr,merra2,1.2672840785479111,0.9619232531166925,0.7811165717389865
MA,Aug,era5,2.407732667834768,0.5494051324008635,0.010398587310095131
MA,Aug,merra2,4.220927607790317,0.9227743903724354,0.0004821496843059325
MA,Dec,era5,2.076717384518081,1.3472868343519364,0.4241891917994356
MA,Dec,merra2,2.326855135564557,1.6678982293067655,0.4263080361398557
MA,Feb,era5,1.3235160348497865,1.283375477649108,0.8009775756924433
MA,Feb,merra2,2.3812707939860536,1.6701256157219928,0.4082109608534472
MA,Jan,era5,2.49260020635972,1.3039261649935203,0.25233474638997544
MA,Jan,merra2,2.871952359407477,1.582777898600974,0.23692782907562115
MA,Jul,era5,1.4935492929031569,0.7555997279909231,0.5136345584411963
MA,Jul,merra2,3.0162519489097397,1.147777841134863,0.07897629550195573
MA,Jun,era5,0.6969225689314562,0.7547701015308795,0.6880157243783827
MA,Jun,merra2,2.240076316540752,0.8282490511937891,0.13433436724316472
MA,Mar,era5,1.267390896736387,1.1085935871743526,0.8094014227391275
MA,Mar,merra2,2.242048515173778,1.4488548754217856,0.3912999950389149
MA,May,era5,0.5503822681929577,0.9671042838683872,0.6419949617212921
MA,May,merra2,0.4603592973984102,1.0778820499565072,0.616618084512583
MA,Nov,era5,1.2297621599336273,1.0060789550753382,0.819355589536193
MA,Nov,merra2,1.73554048486856,1.2485209138135898,0.5557744145475665
MA,Oct,era5,1.4926118212741397,0.7795298568187479,0.5274296692852352
MA,Oct,merra2,2.110548336628108,0.9971124557317987,0.2653802815596906
MA,Sep,era5,2.4251614836745747,0.5620955838479029,0.011230510639206992
MA,Sep,merra2,3.9127580912845974,0.8323445680032816,0.0004661982495528516
MD,Apr,era5,1.7043922313772495,0.766063655976527,0.35783635796899005
MD,Apr,merra2,2.670824936259842,0.9773749778578131,0.08735791505158019
MD,Aug,era5,1.645734462937647,0.6107031910793294,0.29034632101277724
MD,Aug,merra2,2.5953017479814395,1.0458077951319071,0.12715303365368236
MD,Dec,era5,1.831862887879198,1.4614133365323012,0.5692081550192363
MD,Dec,merra2,1.943835949657497,1.925465808931244,0.6240024458800124
MD,Feb,era5,1.3563099458942036,1.3796412385048662,0.7962041293296858
MD,Feb,merra2,2.722003818580854,1.8102334822807635,0.34147209404730594
MD,Jan,era5,2.1295180220013714,1.2698080340195705,0.37372436493951233
MD,Jan,merra2,3.3960689337646754,1.5674015497870764,0.12634165136373987
MD,Jul,era5,1.29820244877871,0.685811188539888,0.6636951741489723
MD,Jul,merra2,1.619024816491377,1.1605742044238823,0.5937719025886143
MD,Jun,era5,1.0269128620087693,0.5703203385611333,0.9623625727511704
MD,Jun,merra2,1.5975751202050574,0.8264850814672515,0.46966025518829246
MD,Mar,era5,2.249517349894924,1.1599346064045184,0.2813771432080632
MD,Mar,merra2,3.171138952978812,1.4728036478946627,0.14044021161650155
MD,May,era5,0.8917587614794305,0.9159556376560125,0.9059305717057657
MD,May,merra2,1.1742895644396516,1.1430934921479923,0.8788148016453816
MD,Nov,era5,0.8566867920384291,1.0768755071352751,0.8941281913482799
MD,Nov,merra2,1.8483711953204185,1.3853446858811673,0.5402797740204139
MD,Oct,era5,1.4589285608404328,0.7873103426105129,0.5599560355209756
MD,Oct,merra2,1.8394757338510705,1.0958631767991007,0.44365211870162913
MD,Sep,era5,1.9361346681705425,0.6173334585654905,0.12941405898757785
MD,Sep,merra2,2.685716258964683,1.0147419023920525,0.09666794148987878
ME,Apr,era5,0.37282254082550587,0.8032171875946004,0.43490147446335126
ME,Apr,merra2,0.5029522066011481,0.9838054074464597,0.6133974534656068
ME,Aug,era5,2.145410599535927,0.5905391582972194,0.05242814621016567
ME,Aug,merra2,2.650385908545424,0.6939773723862559,0.01739950009577851
ME,Dec,era5,2.32813641504116,1.3730463617601645,0.33339820786960606
ME,Dec,merra2,2.6008555048377726,1.7022410186264283,0.3469919242752666
ME,Feb,era5,1.106596945356852,1.2917046914870602,0.93422984494877
ME,Feb,merra2,1.9511592301180967,1.6407237918198652,0.562103933411676
ME,Jan,era5,3.0101261276424216,1.2805707360585992,0.11648233242202477
ME,Jan,merra2,3.686752334908604,1.5427503070418604,0.08158999371470732
ME,Jul,era5,1.6541171209430712,0.6730931867158189,0.33114623980995717
ME,Jul,merra2,2.171071491893874,0.6847566242873054,0.08722870322888632
ME,Jun,era5,0.8331830619425096,0.7369270896268313,0.8209149751131308
ME,Jun,merra2,1.3722627999124304,0.7943894026202635,0.6393448445287548
ME,Mar,era5,0.8505131543053839,0.9564037839374785,0.8757957863863852
ME,Mar,merra2,1.5323658056210034,1.4100212332902367,0.7057584386320908
ME,May,era5,0.5620414758797698,0.9501331803254291,0.6448385295226202
ME,May,merra2,0.4132767930626601,1.0925669522058656,0.5912582864522504
ME,Nov,era5,1.7680982495654574,0.9443593544420475,0.4160152516440443
ME,Nov,merra2,1.8155403685941507,1.2014574872100547,0.49726932694946946
ME,Oct,era5,2.136801902877954,0.9322757827744111,0.2226985897826652
ME,Oct,merra2,2.3925824394497734,1.1122038058984647,0.21053603067371252
ME,Sep,era5,2.9601773454924714,0.7023373281338666,0.00525561377313033
ME,Sep,merra2,3.729721925410517,0.797702655078948,0.0006216706006103578
MI,Apr,era5,-0.10994670702094246,1.124252868286456,0.32350786197296544
MI,Apr,merra2,0.02804759722712668,1.3006426465974208,0.4548907734893042
MI,Aug,era5,1.6271793361220135,0.6969811630534642,0.36819944283564277
MI,Aug,merra2,2.452090236409067,0.8939200080815278,0.10428889827341048
MI,Dec,era5,2.3941461935758483,1.439008507292332,0.3326329351590811
MI,Dec,merra2,2.8512993573298404,1.7446234032738626,0.2886237609603657
MI,Feb,era5,0.48527594242475064,1.5261076212868527,0.735906586227804
MI,Feb,merra2,0.8570905250909614,1.859348336495231,0.9387349351104786
MI,Jan,era5,2.464739968231191,1.4509594054850665,0.3127360749498038
MI,Jan,merra2,2.861021792114036,1.5474917448063197,0.229129091216961
MI,Jul,era5,1.356364424172859,0.8706945622985394,0.6823286679086604
MI,Jul,merra2,2.4466853800380193,1.0676214312605943,0.1754001473636395
MI,Jun,era5,1.639821321258582,0.7979004372860824,0.4226217102386718
MI,Jun,merra2,2.4406660349860116,0.9415832263625269,0.12600524173313898
MI,Mar,era5,1.7696801307255983,1.409892600807541,0.5851250439221021
MI,Mar,merra2,1.5000445768394233,1.7536878153489384,0.7755377451226053
MI,May,era5,0.3887324604666411,1.1597796250105548,0.5981554613687772
MI,May,merra2,-0.29527083389392633,1.259240131687855,0.30366154264026246
MI,Nov,era5,2.309468483320023,1.3042943619920966,0.31539452536341717
MI,Nov,merra2,3.3097897409426538,1.592479113398137,0.1469368507093909
MI,Oct,era5,1.252415843778966,0.9761484111692857,0.7959566382910706
MI,Oct,merra2,1.6143321049787092,1.2139287760510833,0.612807990303537
MI,Sep,era5,2.9544545583918693,0.7487220120352636,0.00904397213706698
MI,Sep,merra2,4.349226968651703,0.838636643244327,6.506200677769414e-05
MN,Apr,era5,-1.0728717970295079,1.5319887210286411,0.1760366427407769
MN,Apr,merra2,-0.35426662365246914,1.7473968909407818,0.4383281509572392
MN,Aug,era5,0.9345379880629551,0.82237441840785,0.9365544201051414
MN,Aug,merra2,1.5776186160197931,1.0883532232321447,0.5956078616778713
MN,Dec,era5,3.251620684847618,1.8667167247174508,0.22774307440384778
MN,Dec,merra2,5.237323688406896,2.3333291212953102,0.06937050334316552
MN,Feb,era5,-1.4188988379516898,2.0218069007261517,0.23153875310514493
MN,Feb,merra2,0.2482953066409346,2.470797654947422,0.7609483779894299
MN,Jan,era5,2.0764002148335314,1.8015601693580032,0.5501854574613501
MN,Jan,merra2,4.2062339999630325,2.196848677692527,0.1444358844342679
MN,Jul,era5,1.6344223648773533,0.9295810439672402,0.4949341971096908
MN,Jul,merra2,3.163176471604336,1.4553527315801875,0.13718421739221442
MN,Jun,era5,2.4139884190112553,0.955490601477159,0.13891170262592523
MN,Jun,merra2,2.967521572323037,1.332447296863976,0.1397768743552108
MN,Mar,era5,1.934342459822581,1.7116538936864825,0.5851545187319238
MN,Mar,merra2,2.091619395151882,2.2248325752213898,0.6236723333646665
MN,May,era5,-0.8077767699317653,1.1092824645236627,0.10316889428409137
MN,May,merra2,-1.0696958193902348,1.3862205442018507,0.1354242435224977
MN,Nov,era5,3.7917208180089013,1.7342810821528016,0.10745724946710111
MN,Nov,merra2,5.658217290499391,2.1553726669782995,0.030678966227772664
MN,Oct,era5,0.18756349824405782,1.1279095874881695,0.4713385441888609
MN,Oct,merra2,0.13676052862644278,1.4933712148956602,0.5632320622034286
MN,Sep,era5,3.3823751032086835,0.7831843386435391,0.002350833364108018
MN,Sep,merra2,4.5453448605207,1.0875214423064832,0.0011140319908544694
MO,Apr,era5,1.0434005306315164,1.1254966896669856,0.9692402175741825
MO,Apr,merra2,1.744839024250386,1.3656612529649574,0.5854747261477424
MO,Aug,era5,0.17310955519776214,0.9810143535373239,0.39928811017470855
MO,Aug,merra2,-0.27129776914201487,1.5177900259522097,0.4022565612771023
MO,Dec,era5,3.399797735311206,1.6442576347218456,0.14442691882309178
MO,Dec,merra2,4.944227832797481,1.9548238376964449,0.04362359300255858
MO,Feb,era5,0.5421362464278383,1.7297461761803057,0.7912406038884452
MO,Feb,merra2,1.4422452666949475,2.0659499871294873,0.8304972437763436
MO,Jan,era5,2.1158913041139686,1.3933705866338817,0.4232141384705206
MO,Jan,merra2,3.2317390959364,1.6738475941500954,0.1824337463186294
MO,Jul,era5,0.3484703273495845,0.9067611904005902,0.47243425855293797
MO,Jul,merra2,0.6744819823575312,1.5510219034728794,0.8337665956656968
MO,Jun,era5,2.7058791444656043,0.7522747982446691,0.023351910012053168
MO,Jun,merra2,2.34626466929337,1.1105196645293143,0.225403876501449
MO,Mar,era5,1.8156965926784503,1.419932288062474,0.5656554697488461
MO,Mar,merra2,1.7704867158590742,1.6089680509170734,0.632031032382504
MO,May,era5,0.5198236383792274,0.9846580075741954,0.6257921007335163
MO,May,merra2,0.6782750365350814,1.122428641440573,0.7743934293272023
MO,Nov,era5,2.682162119434081,1.360480621131588,0.21629247210642433
MO,Nov,merra2,4.411525261616605,1.685394735388882,0.04295267538565639
MO,Oct,era5,0.8626279616749084,0.8590196918802172,0.8729462859943453
MO,Oct,merra2,1.2791771138485932,1.139537650953567,0.8064629616066217
MO,Sep,era5,2.9874381734080466,0.8137608205405071,0.014594504250040607
MO,Sep,merra2,3.566921535759628,1.1830390833484046,0.030024349461437172
MS,Apr,era5,1.0765815196839343,0.7804872730275785,0.9218368961133065
MS,Apr,merra2,1.4066991524176073,1.0050711406540034,0.6857369099839006
MS,Aug,era5,0.43804033410699145,0.761734277816473,0.46067419967620027
MS,Aug,merra2,0.029378751348652594,1.1474997392660131,0.39763224980698286
MS,Dec,era5,2.5811484499635156,1.2811570091613536,0.2171445352422019
MS,Dec,merra2,3.2228823292341104,1.5924071617850486,0.16273682382072385
MS,Feb,era5,1.3722719814141182,1.2553511875707954,0.7668115564883646
MS,Feb,merra2,2.2006786890478063,1.571252524482602,0.4447755560486144
MS,Jan,era5,1.8602892320337743,1.2225309349057236,0.48162256879991894
MS,Jan,merra2,2.7391852251618296,1.4880893921961864,0.24250958459512506
MS,Jul,era5,0.20116507044373358,0.5763721843803865,0.16575586653953311
MS,Jul,merra2,0.047280898480991984,1.0512847994170091,0.3648074437023503
MS,Jun,era5,1.166138667605068,0.7062761354397196,0.8140287585432329
MS,Jun,merra2,0.542424280644411,1.1577434097519868,0.6926726498845364
MS,Mar,era5,1.6965543314985845,1.0322672917133648,0.49981492814810724
MS,Mar,merra2,1.7395924184966924,1.2302919727573298,0.547738784755009
MS,May,era5,0.763724933461875,0.6017561131335756,0.6945834935025195
MS,May,merra2,0.45499846805079314,0.9615564784467778,0.570856204350418
MS,Nov,era5,0.9863371745438756,1.0092910047122345,0.9891993245775934
MS,Nov,merra2,2.490099522982532,1.3951201155020194,0.2854845462931279
MS,Oct,era5,2.1833676749477067,0.6598302331206851,0.07290217473907967
MS,Oct,merra2,2.4369637985287333,1.0313765090712943,0.1635446509983245
MS,Sep,era5,2.333955520377676,0.7263729931458447,0.0662895361180662
MS,Sep,merra2,1.9716330931873678,1.0887558781729727,0.37216511279407616
MT,Apr,era5,-1.2776154656221745,1.2337277705863388,0.06487408291806851
MT,Apr,merra2,-0.44068567153719,1.619306988396712,0.3736308933223249
MT,Aug,era5,2.0404981923092866,1.0855852227194664,0.3378270546015032
MT,Aug,merra2,1.6790401609347378,1.2929986076109268,0.5994671240905984
MT,Dec,era5,0.792104890249952,1.686247240525387,0.9018785452043787
MT,Dec,merra2,2.3499469609998105,1.7061015495831415,0.4288001336180982
MT,Feb,era5,-1.4672056583795474,2.2497256466563003,0.27278586314116016
MT,Feb,merra2,-0.51570512763157,2.1596470510366843,0.4827851764524862
MT,Jan,era5,1.9072503712109405,1.5378463630824724,0.555225082787772
MT,Jan,merra2,3.293558730015133,1.4834504593410827,0.12208107401405877
MT,Jul,era5,3.292974200244775,1.2816045470264479,0.07359173884457548
MT,Jul,merra2,4.277046071427378,1.5050717427691214,0.02945554748028778
MT,Jun,era5,0.8776118197014299,1.1619307710254603,0.9161125847137035
MT,Jun,merra2,0.3889930353032594,1.48308224645243,0.6803507510757016
MT,Mar,era5,0.11621893477649106,1.7184875763023213,0.6070573513271222
MT,Mar,merra2,0.43588593968543643,1.7452073431205826,0.7465164236696611
MT,May,era5,-1.228721617646317,1.1317546442414854,0.048922991829867035
MT,May,merra2,-1.3199249322766369,1.4276341096947438,0.10415964785805709
MT,Nov,era5,2.7307040285247117,1.645456073752283,0.2928876014752082
MT,Nov,merra2,4.815324345237143,1.8257857753839213,0.036645750988250514
MT,Oct,era5,-0.7104834371584732,1.1483316479696408,0.1363457979064706
MT,Oct,merra2,-0.13826809360851203,1.447692350895842,0.4317129537541795
MT,Sep,era5,3.811795849398691,1.2964187532636924,0.030090674157741804
MT,Sep,merra2,4.351468758596615,1.494420231660875,0.02491908121498465
NC,Apr,era5,1.4642434280425338,0.7966356810375372,0.5600582407320476
NC,Apr,merra2,2.3692104724341903,1.062773883283798,0.19762882406594606
NC,Aug,era5,1.3754037382414164,0.6296685256505373,0.5510465444044608
NC,Aug,merra2,2.392857085257916,1.084220195073019,0.19891022891846943
NC,Dec,era5,2.224596627272314,1.4686213555746586,0.4043706157682563
NC,Dec,merra2,3.0988314371744545,1.9815569042738712,0.2895164340206535
NC,Feb,era5,1.3779568306148606,1.279672527287749,0.7677232120452975
NC,Feb,merra2,2.3359980678962597,1.616772200893162,0.4086131685046226
NC,Jan,era5,1.962809549030246,1.1547192252558534,0.4043914213381452
NC,Jan,merra2,3.3611729386015528,1.4373854552589154,0.10044792052209939
NC,Jul,era5,1.0445998318585867,0.6615124818471706,0.9462465530617175
NC,Jul,merra2,1.0437236564232186,1.043795568571284,0.966587106115683
NC,Jun,era5,0.7388991383405968,0.6787751286802405,0.7004858185881377
NC,Jun,merra2,0.6918134718562525,1.0796465814925078,0.775298404238413
NC,Mar,era5,1.622170049171352,1.0941775500880226,0.5696147869474588
NC,Mar,merra2,2.107594869931045,1.2495923832015363,0.37542090881353674
NC,May,era5,0.7760414677213132,0.7368038486805903,0.7611587435321936
NC,May,merra2,0.9584072381349041,1.0150755230764295,0.967315793002349
NC,Nov,era5,0.3686788367211024,1.0547474733717135,0.5494717022834195
NC,Nov,merra2,1.2350473672551396,1.2937783575908421,0.8558376748559251
NC,Oct,era5,1.5757836675339896,0.7350213548396592,0.43341786379471614
NC,Oct,merra2,2.0713188517104095,1.0602031834234682,0.31226323627217867
NC,Sep,era5,1.9206065752457955,0.6537346111935664,0.1590639339198583
NC,Sep,merra2,2.6327602443998996,1.0142121360128906,0.10742396751264582
ND,Apr,era5,-1.3629022348141657,1.799028629866628,0.1890373337690776
ND,Apr,merra2,-0.8218232474944315,1.8819846445930661,0.3330278874279142
ND,Aug,era5,0.8975197708535009,1.0046620431175508,0.9187529612055905
ND,Aug,merra2,1.3690623548386958,1.2273485716821098,0.763644114236651
ND,Dec,era5,2.1657387016099907,2.1885189151718425,0.5942682589712218
ND,Dec,merra2,4.14687718106167,2.496987514174664,0.20757216229237896
ND,Feb,era5,-1.8905320775367667,2.411195149206941,0.23060712064230682
ND,Feb,merra2,-0.8763394008649277,2.705055661649642,0.48790693734666135
ND,Jan,era5,2.5360723817979784,2.1413553638589646,0.4731664850311348
ND,Jan,merra2,4.079590943220593,2.38401643188795,0.1964382552232422
ND,Jul,era5,1.8050646984899412,1.0906945947750148,0.4604408603808259
ND,Jul,merra2,2.8438399981338693,1.5335910777400708,0.22924644682740047
ND,Jun,era5,2.6516400516572536,1.2113538404589062,0.17273562101870832
ND,Jun,merra2,2.152405031971627,1.5737913628552742,0.464017423458952
ND,Mar,era5,1.1283803688705223,2.1627600852423816,0.9526657661981195
ND,Mar,merra2,0.6770549645597683,2.305007000147004,0.8885763344135016
ND,May,era5,-1.173879970240952,1.1673930688784915,0.06257966043659668
ND,May,merra2,-2.1176001992416644,1.4550009033614006,0.0321388651619221
ND,Nov,era5,4.17439717513218,1.8949108116256774,0.09389058994068167
ND,Nov,merra2,6.152839694109263,2.261958398076972,0.022723984198220748
ND,Oct,era5,-0.6539611544680743,1.236808444824472,0.18113074044747757
ND,Oct,merra2,-0.4909800419020663,1.5812293060625247,0.34571946105907037
ND,Sep,era5,3.5372600638806753,1.0225533191696503,0.013090468218880602
ND,Sep,merra2,4.659054550049102,1.2660773949327715,0.0038515387126916156
NE,Apr,era5,0.5140088599194025,1.29521270844342,0.707496037493897
NE,Apr,merra2,0.7396387936612028,1.6159725311792774,0.8720009781539606
NE,Aug,era5,0.747426721882811,0.9010093364372279,0.7792300147358948
NE,Aug,merra2,1.4859045950022747,1.328317494460682,0.7145109178852527
NE,Dec,era5,2.477439580930946,1.6465389384242528,0.36955879445561046
NE,Dec,merra2,3.2557204685189025,1.80894803402517,0.21240514542277134
NE,Feb,era5,-0.15729044806690612,1.9630470852698423,0.5555005668901822
NE,Feb,merra2,-1.098865829293594,2.0424056103867185,0.30411732844001316
NE,Jan,era5,2.2358400976035626,1.5091195933090202,0.41283512826190116
NE,Jan,merra2,2.361524156520512,1.5973525194354539,0.39401265945872166
NE,Jul,era5,1.3360171741778701,0.9194034874411772,0.7147583388340177
NE,Jul,merra2,2.553101102894155,1.4166358098877523,0.272934148900172
NE,Jun,era5,3.3022288583495563,1.0425501333151383,0.027225679458159124
NE,Jun,merra2,3.383098339085895,1.5117871483543914,0.11494628169354848
NE,Mar,era5,2.339909192127629,1.7040924705486178,0.4316981858858675
NE,Mar,merra2,1.476317682663187,1.798375470318804,0.7911173325351828
NE,May,era5,-0.7288659057760343,1.041729433677476,0.09699268015769191
NE,May,merra2,-1.2434531201633496,1.3556958435986826,0.0979579439533893
NE,Nov,era5,5.284902704677772,1.5090802142422057,0.004519654965250641
NE,Nov,merra2,6.700889054532404,1.8173911389237383,0.001707716580924279
NE,Oct,era5,0.62074400125133,1.1043105347672244,0.7312732010222449
NE,Oct,merra2,0.6271286236778236,1.4217495752571918,0.7931191912399098
NE,Sep,era5,3.6113130157008952,0.9219516314570702,0.004620358589635387
NE,Sep,merra2,4.6213380382405935,1.2468672279262822,0.0036801725051682777
NH,Apr,era5,0.5830897998851872,0.9157251028306045,0.6489086963331854
NH,Apr,merra2,0.8790497681969276,1.0847606583468008,0.9112202907414
NH,Aug,era5,2.363088933608292,0.5805215789865832,0.018872403207683686
NH,Aug,merra2,3.2761231787277536,0.7029864510278235,0.0012045903566502147
NH,Dec,era5,2.141672383392395,1.3999349974830655,0.41477578617206357
NH,Dec,merra2,2.4132534110389146,1.7113646317624207,0.4089147367782604
NH,Feb,era5,1.2127766608358679,1.32671789814276,0.8725831419587893
NH,Feb,merra2,2.41361450464144,1.7648877070099067,0.42315150733331564
NH,Jan,era5,2.783615541424444,1.3854636892180912,0.1979625514527672
NH,Jan,merra2,3.4102164458102915,1.6505376252919313,0.14421823589522043
NH,Jul,era5,1.6361578790352385,0.7955025708813867,0.42388865930187647
NH,Jul,merra2,2.629863974579144,0.7986037610822153,0.04126156971779116
NH,Jun,era5,1.0625416359985331,0.8105303468869678,0.9384951683315961
NH,Jun,merra2,1.991447798907245,0.8267063511883285,0.2304212491995825
NH,Mar,era5,1.2339626422188268,1.1440165615773341,0.8379551044751987
NH,Mar,merra2,2.5081892745210506,1.6637187332024712,0.364662283846644
NH,May,era5,0.5579137053748835,1.0946461302662618,0.6863139868353794
NH,May,merra2,0.4867789218614864,1.1322975939081543,0.6503641579696486
NH,Nov,era5,1.4293847645439737,1.0559340624799303,0.6842725968851429
NH,Nov,merra2,1.6868579299569202,1.3668698310484508,0.6153128478180583
NH,Oct,era5,1.659541735436898,0.9316911110171896,0.47900896088628686
NH,Oct,merra2,2.1317179696995407,1.0463641715768288,0.2794428452666189
NH,Sep,era5,3.013797830592594,0.6818509001856179,0.003142654759624497
NH,Sep,merra2,3.998482581086862,0.7382082720364168,4.8687812480796566e-05
NJ,Apr,era5,1.3442154109229179,0.7889162399185448,0.6626087319991374
NJ,Apr,merra2,2.0739359514406948,0.9202645389781902,0.2432159715008413
NJ,Aug,era5,2.0838343744787355,0.6219503893647889,0.08139687018772301
NJ,Aug,merra2,2.9914429189725107,0.9506704278063334,0.0361907857860011
NJ,Dec,era5,2.1136900885119956,1.448842799201236,0.44208592134117386
NJ,Dec,merra2,1.882733549162743,1.8300718977238704,0.6295579666624638
NJ,Feb,era5,1.5521038280931583,1.376001027571785,0.6882449445102163
NJ,Feb,merra2,2.4985556565885485,1.8054384685900122,0.40652571639744717
NJ,Jan,era5,2.4570985874021236,1.3437469647266482,0.2782074781610129
NJ,Jan,merra2,3.0311654946530564,1.630338931033239,0.2128177266092317
NJ,Jul,era5,1.676603715943186,0.6874655121748299,0.3250170722114545
NJ,Jul,merra2,2.105427408022683,1.0700792762022744,0.3015883668620085
NJ,Jun,era5,0.8400608756860682,0.6701008316064432,0.8113543537142189
NJ,Jun,merra2,1.6199192239033344,0.694971612563676,0.372389426678144
NJ,Mar,era5,1.959408024763508,1.183117066165774,0.4174141705015224
NJ,Mar,merra2,2.284914705502503,1.4746786328685209,0.3835802974537881
NJ,May,era5,0.5959075466719836,0.9105600145434058,0.6571983699426354
NJ,May,merra2,0.5633153054322383,1.0298537641050838,0.6715469067284947
NJ,Nov,era5,1.2985991637355636,1.0465598810065315,0.775402872215162
NJ,Nov,merra2,1.9231698310051641,1.2796799220074941,0.4706592479840943
NJ,Oct,era5,1.5996607404603562,0.8203099844044012,0.4647686228767758
NJ,Oct,merra2,2.0858993602205813,1.0087896867584014,0.2817315005994707
NJ,Sep,era5,2.4446165315888555,0.5920712904095667,0.014689831482837867
NJ,Sep,merra2,3.1444762306347247,0.9051674044555973,0.017829080900423122
NM,Apr,era5,1.7471027244333437,1.0350519930952737,0.47041614497304596
NM,Apr,merra2,1.6079633144776997,1.233041056867871,0.6219701409081293
NM,Aug,era5,2.1905441509044845,0.7866448871143169,0.13016653926631716
NM,Aug,merra2,2.3268032530298837,1.0097487406887353,0.18884840125801805
NM,Dec,era5,2.347807661064913,1.0908534866881205,0.21662464049164298
NM,Dec,merra2,3.0701757982394224,1.1358218428478184,0.06836040511620878
NM,Feb,era5,1.194075460788157,1.1745463838215733,0.8687594942657053
NM,Feb,merra2,1.210106189158188,1.243991253267572,0.865877786390699
NM,Jan,era5,1.0629624367666926,1.1808115809344195,0.9574758903562475
NM,Jan,merra2,2.073025520748973,1.2006947172743074,0.37149818130318435
NM,Jul,era5,2.053505584667732,0.7334742814441382,0.15091060572240655
NM,Jul,merra2,2.5633791994056994,0.8952891627238639,0.08077130331872984
NM,Jun,era5,3.346704844883071,0.8894931518606427,0.008333524879591936
NM,Jun,merra2,3.115245547294633,1.0542701334113573,0.04481784037310654
NM,Mar,era5,2.39713472356781,0.9779807408307041,0.15312175214531631
NM,Mar,merra2,2.046148777810283,1.152023183313587,0.3638269840076467
NM,May,era5,1.8130014837026567,1.077719292608995,0.4506257541381984
NM,May,merra2,1.9919348082972876,1.328210410615597,0.4551718988604583
NM,Nov,era5,3.0182010066598735,1.0976411973756703,0.06596359553157916
NM,Nov,merra2,4.494356497320515,1.2842857208169034,0.006511312059083396
NM,Oct,era5,2.4876351965517824,0.8894966299949864,0.09443638211963812
NM,Oct,merra2,3.056919638102752,1.0541117180606272,0.05101782293652102
NM,Sep,era5,2.445832739536058,0.7019295962117241,0.03941791566359276
NM,Sep,merra2,3.038404360554821,0.9223099584813738,0.027097687130946513
NV,Apr,era5,0.7576884094507352,1.3047190620012996,0.8526648445356269
NV,Apr,merra2,0.7458420226165983,1.5602019223990764,0.8705966236659333
NV,Aug,era5,2.558764485689328,0.7405327004920634,0.03529799100441422
NV,Aug,merra2,2.6504411548644145,0.7936190975733634,0.0375586652814448
NV,Dec,era5,0.2902691268705427,1.1536075234952547,0.5384046032879604
NV,Dec,merra2,0.7656661993395172,1.1300740445941237,0.8357275810561497
NV,Feb,era5,1.060954705273269,1.5365580360865123,0.9683565057934134
NV,Feb,merra2,1.2247853340699688,1.4709474358027332,0.8785428271594171
NV,Jan,era5,1.5198805497573995,1.647862186928311,0.7523912510626027
NV,Jan,merra2,2.2315366865630364,1.4473715854067473,0.39483710902163516
NV,Jul,era5,3.625944979107713,0.8092635359740245,0.0011750934806176172
NV,Jul,merra2,4.402292297659055,0.9304083603861506,0.0002554102382950063
NV,Jun,era5,3.038237666917304,1.2639636107165253,0.10683660737163758
NV,Jun,merra2,3.2088522922179537,1.5174888523558905,0.14550404487773871
NV,Mar,era5,1.442135208721251,1.33921870059308,0.7412910508961001
NV,Mar,merra2,2.172356868154302,1.4952077847924337,0.4329953878445121
NV,May,era5,-0.26863306647235863,1.369545169436969,0.35428122821323016
NV,May,merra2,-0.2630655743897446,1.5884412687245262,0.4265202111461317
NV,Nov,era5,3.667418818468004,1.4541067125583353,0.06659408215203522
NV,Nov,merra2,4.795534811691475,1.561825549240938,0.01509085668407173
NV,Oct,era5,1.9023520090029522,1.3018558287287394,0.4882295733875577
NV,Oct,merra2,2.778170015857084,1.4410521964493215,0.21722576233984325
NV,Sep,era5,3.6359268733074668,0.9433088091473312,0.005200554096458809
NV,Sep,merra2,3.917412264842715,1.0700540502473463,0.006402628668800148
NY,Apr,era5,0.36474916774703037,0.9712197318773127,0.5130632973347042
NY,Apr,merra2,0.8907282514002868,1.1575179370435034,0.9247900053442413
NY,Aug,era5,1.8827415501878555,0.6291570193808981,0.16060060531120635
NY,Aug,merra2,3.2805756441559057,0.8568573787789855,0.007777993054898458
NY,Dec,era5,1.9849222972297864,1.5015092160952215,0.5118531558937114
NY,Dec,merra2,1.8847698787000395,1.8272549148066888,0.6282388692640397
NY,Feb,era5,1.176977537467933,1.4245015004549213,0.9011266577582271
NY,Feb,merra2,2.1517706022092047,1.838714916130768,0.5310527597990617
NY,Jan,era5,2.2111096017418075,1.44836960893369,0.4030490257656856
NY,Jan,merra2,2.9103341709841524,1.7254567048856666,0.26823038868655846
NY,Jul,era5,1.322779558186673,0.7896072103402717,0.6826974723060892
NY,Jul,merra2,2.5079314898918095,0.9685942952230351,0.11951211931846184
NY,Jun,era5,1.1457487355821154,0.7027155611789467,0.8356913392836165
NY,Jun,merra2,2.3809882422335025,0.8289597097216816,0.09572750338493452
NY,Mar,era5,1.6131716815051402,1.3627554269588211,0.6527465586835071
NY,Mar,merra2,2.809463283792434,1.7599489523737224,0.3038868185051127
NY,May,era5,1.088922287395196,1.0494206572882854,0.9324723518644877
NY,May,merra2,0.9520088673498767,1.2403779452225863,0.9691369613897545
NY,Nov,era5,1.5440257793539582,1.170729519217108,0.6421537893018083
NY,Nov,merra2,2.421509243538833,1.5218977007298364,0.3502846444768426
NY,Oct,era5,1.594361792172632,0.9332360624122984,0.5242013297510484
NY,Oct,merra2,2.1232472055265217,1.1894897114415097,0.3450111816453558
NY,Sep,era5,2.7805499947245056,0.6563143292543572,0.006668654388271911
NY,Sep,merra2,3.8811092257446846,0.8630292486475153,0.0008427205990959585
OH,Apr,era5,0.9558674982371165,0.9753411036712785,0.9639094163275415
OH,Apr,merra2,1.8035858485540917,1.1246955737217088,0.47492307892587826
OH,Aug,era5,1.302202862421652,0.7419773537124149,0.6837921302832506
OH,Aug,merra2,2.132874872622634,1.033295054618711,0.2729163902609122
OH,Dec,era5,2.3217379726661584,1.6907794013012138,0.43437153174470566
OH,Dec,merra2,2.7053301200957867,2.068480596702508,0.4096917977675849
OH,Feb,era5,0.8403591263871988,1.6343915765519903,0.9221895532380355
OH,Feb,merra2,1.62953931986124,1.946340031587114,0.746356165783389
OH,Jan,era5,2.1484846866753853,1.5472922375449853,0.4579331299927105
OH,Jan,merra2,3.692635925453369,1.7515802136287522,0.12422941133943355
OH,Jul,era5,0.6067372412368736,0.8552925834816626,0.6456604304221343
OH,Jul,merra2,1.6867107456034394,1.18754208752448,0.5630870847606821
OH,Jun,era5,1.1660411005469453,0.7416417355904903,0.8228482140746491
OH,Jun,merra2,1.6591882898916814,0.9239871824017268,0.4755876721139365
OH,Mar,era5,2.4242544710536382,1.513855346035566,0.3468008055810734
OH,Mar,merra2,2.589953789002585,1.7670361506387682,0.3682343271334192
OH,May,era5,0.9692920337869874,1.187581821946907,0.979370952276587
OH,May,merra2,1.1880529879603046,1.4034993841103471,0.8934115493739694
OH,Nov,era5,1.137934426111429,1.3233496716241981,0.916985813737631
OH,Nov,merra2,2.0941053846947146,1.6475256289697604,0.5066326751919681
OH,Oct,era5,1.4438737668799735,0.9104610302615098,0.6258853555871893
OH,Oct,merra2,1.6031886079384912,1.2014503781726482,0.615632089277157
OH,Sep,era5,2.643172625935938,0.8223848444476337,0.045710371336656896
OH,Sep,merra2,3.529693334102929,1.007637807739084,0.012055401315919534
OK,Apr,era5,0.8523296536225685,0.9971143519111043,0.8822656612230124
OK,Apr,merra2,1.126990621871536,1.3352127430256235,0.9242283250108074
OK,Aug,era5,0.2867716376570189,1.0344192963551073,0.49051094923197835
OK,Aug,merra2,-0.4498455396370995,1.496482428428002,0.33262719183693656
OK,Dec,era5,2.9021554646263885,1.398227471141001,0.17370183742677314
OK,Dec,merra2,4.16813138658881,1.6928364431858192,0.061276792878093955
OK,Feb,era5,0.33427783776084996,1.6629333550435283,0.6889134514086721
OK,Feb,merra2,0.8613433193457745,1.8609707859569562,0.9406064026736118
OK,Jan,era5,2.4242337750970324,1.1888186744223506,0.23090751941357102
OK,Jan,merra2,3.0002847399734054,1.5136011935632012,0.18632132621738773
OK,Jul,era5,0.742672136436071,0.9484696061876114,0.7861537716070712
OK,Jul,merra2,1.119945453123947,1.6265220824278754,0.941214474268699
OK,Jun,era5,2.6035565931967573,0.9630573331621453,0.09589905636282836
OK,Jun,merra2,2.8462644621412743,1.580914777444756,0.2428690263615323
OK,Mar,era5,2.2125638990636562,1.1299772860827497,0.2832320978642293
OK,Mar,merra2,1.4501986203561679,1.3282207145984857,0.7346484127261879
OK,May,era5,0.5902777844841052,0.882744720206028,0.6425433214964724
OK,May,merra2,0.6574648021815048,1.3041174018615438,0.7928151790345042
OK,Nov,era5,2.9294830305034423,1.1443464095133522,0.09177644755172265
OK,Nov,merra2,4.417941166020182,1.4652831351956033,0.01966837007692024
OK,Oct,era5,1.5173280974304308,0.9230300911398597,0.575160801234091
OK,Oct,merra2,1.591700065027765,1.1333775918598705,0.6016230519014487
OK,Sep,era5,2.5928045434128677,0.9591763853136969,0.09679459723675499
OK,Sep,merra2,2.866671951543815,1.3686476338207587,0.17260514854754394
OR,Apr,era5,0.9849181638139966,1.15893397479422,0.9896169886639055
OR,Apr,merra2,0.981340556363666,1.4744494915764865,0.989902886000676
OR,Aug,era5,3.05595991044357,0.6919681279230888,0.002966605765729602
OR,Aug,merra2,3.4648568144733822,0.8126779358775902,0.002421310239061114
OR,Dec,era5,1.0689020246460745,0.933597411185409,0.9411673658234072
OR,Dec,merra2,0.778741090779946,1.1325273112798646,0.8451053407203166
OR,Feb,era5,1.877652391064802,1.211754004381897,0.46889223163620364
OR,Feb,merra2,1.4415156945285987,1.5284334191092093,0.772682297627584
OR,Jan,era5,2.2972346518321096,1.0682423271058505,0.22460888962425596
OR,Jan,merra2,2.058260681371893,1.31736239478768,0.4217910632251729
OR,Jul,era5,4.071690269853835,1.1201556404744002,0.006102925713513452
OR,Jul,merra2,4.792081095335341,1.2340784254125727,0.0021205773344292744
OR,Jun,era5,1.8927171271934105,1.1146816268926159,0.4232058431229917
OR,Jun,merra2,2.1454268391111504,1.3438935959663467,0.3940367358210006
OR,Mar,era5,0.9907318678225043,1.0650539665355667,0.9930568717876251
OR,Mar,merra2,0.9508728738072938,1.4170102291759616,0.9723432310981426
OR,May,era5,0.8233403410975085,1.0936219592809577,0.8716710134087757
OR,May,merra2,0.9380832788692581,1.3720919343409375,0.9640070515085599
OR,Nov,era5,2.5626539474901224,1.027130548687547,0.12816497530704218
OR,Nov,merra2,3.6888090850227764,1.284070650561369,0.03626239850240265
OR,Oct,era5,0.7251195178895461,1.1905557520424566,0.8174047854573514
OR,Oct,merra2,1.1239103781648558,1.45161631342157,0.9319749680837817
OR,Sep,era5,2.9879448927289416,1.0864226598817461,0.06727865160914082
OR,Sep,merra2,3.367873100123534,1.3202142255005842,0.07288467525256848
PA,Apr,era5,1.13103981486671,0.8936768243677838,0.8834240888398281
PA,Apr,merra2,1.9044902266820845,1.0907764625853635,0.4069817096752353
PA,Aug,era5,2.089127208939345,0.7151415399897628,0.1277703752470314
PA,Aug,merra2,3.183782367291032,1.047279377423186,0.03705154762267959
PA,Dec,era5,2.1806514468580627,1.586261999213304,0.45669628212025204
PA,Dec,merra2,1.8142890952673574,1.9702321342595612,0.6793897470860817
PA,Feb,era5,1.2669697898304273,1.4819860747103026,0.8570401083840635
PA,Feb,merra2,2.1434095202581753,1.8806537471805342,0.5431973336972622
PA,Jan,era5,2.2952980620148153,1.4292864129405702,0.36480085935649087
PA,Jan,merra2,3.4478058243727534,1.7089067974716265,0.15203478014843452
PA,Jul,era5,1.7113183668040703,0.8286310366230913,0.3906573154877502
PA,Jul,merra2,2.552820178762034,1.176677008298836,0.1869466876820276
PA,Jun,era5,1.157284757710454,0.6924222456902867,0.8203059326032502
PA,Jun,merra2,1.8387714294770938,0.8606274204779539,0.3297564387041869
PA,Mar,era5,2.487915990187348,1.4244211892554643,0.2962190409425176
PA,Mar,merra2,3.0149774889456893,1.771135364049201,0.25525596542758167
PA,May,era5,1.0352534702100524,1.0995631285187866,0.9744231316599674
PA,May,merra2,1.1971049308216237,1.3291794296325377,0.8821133647673802
PA,Nov,era5,1.5467622601711155,1.247694142895546,0.661228128871391
PA,Nov,merra2,2.611980892695296,1.606898035283677,0.31578215013982924
PA,Oct,era5,1.6957142256118911,0.9249895150382338,0.4519716741681359
PA,Oct,merra2,1.7502949859532473,1.2466258881935763,0.5472669429002579
PA,Sep,era5,2.914255052461897,0.7157449246274665,0.007484225702152347
PA,Sep,merra2,3.5851948041809334,1.0448402895950681,0.01335166886027217
RI,Apr,era5,1.0820678632662533,0.5523864349969949,0.8818932173164997
RI,Apr,merra2,0.7265683630633044,0.7515002590789314,0.7159717447594909
RI,Aug,era5,2.563919996404221,0.4273188996460808,0.00025237002705202904
RI,Aug,merra2,3.3824407824955665,0.6299409518576793,0.000155569291040214
RI,Dec,era5,1.921398222381155,1.1859755326937667,0.43721089024279824
RI,Dec,merra2,1.7773491504628836,1.5342037721418846,0.6123799224264359
RI,Feb,era5,1.4006291463892178,0.9926504750808722,0.6865102830748422
RI,Feb,merra2,1.8989524710712062,1.2986012230042623,0.4887823869633956
RI,Jan,era5,1.924125422756549,1.0808897411488605,0.39256923082362105
RI,Jan,merra2,2.3398355840108733,1.356136741543316,0.32316258551715693
RI,Jul,era5,1.938689412335526,0.5312274992055416,0.07722494300247007
RI,Jul,merra2,1.9463752040837894,0.9284043450415612,0.30803364731988925
RI,Jun,era5,0.9184490896674329,0.5450958503384937,0.8810735916589594
RI,Jun,merra2,0.9929841810722433,0.6825738929838243,0.9917991076167345
RI,Mar,era5,1.3936273881299825,0.7723731029440672,0.6103080860978296
RI,Mar,merra2,1.3955934803821155,1.0492982976075715,0.7061679233197029
RI,May,era5,0.9307163385970182,0.5686963008537395,0.9030345023689956
RI,May,merra2,0.06574977815579279,0.793777930580285,0.23920878244042876
RI,Nov,era5,1.234918252398453,0.7347319915552128,0.7491705469530925
RI,Nov,merra2,1.6670500972068831,0.9694391310814631,0.49140343066974657
RI,Oct,era5,2.00041412748317,0.5623139106561285,0.07522294631485771
RI,Oct,merra2,2.0308750303155927,0.8069734754713347,0.20144046450749054
RI,Sep,era5,2.283937463733476,0.38884155443273327,0.0009601334135806994
RI,Sep,merra2,2.996983179129928,0.6131824241017905,0.0011269478707074398
SC,Apr,era5,1.5735801363980404,0.8212263639047448,0.48489994080901866
SC,Apr,merra2,2.3784285889584607,1.1926884017315695,0.24779064488905966
SC,Aug,era5,1.245814925890948,0.6800712090230379,0.7177595730642494
SC,Aug,merra2,2.232656271345944,1.1055475321368469,0.2648617506903541
SC,Dec,era5,2.558176925087622,1.4145621571809373,0.2706678164531475
SC,Dec,merra2,3.6431747500240284,1.8886918375869237,0.16167094858168451
SC,Feb,era5,1.451513449826736,1.2375712237149459,0.7152320722414656
SC,Feb,merra2,2.4071027027119043,1.4945338097301084,0.3464489905735948
SC,Jan,era5,2.3319486717838434,1.1762146248722023,0.2574651506780332
SC,Jan,merra2,3.8601381910241055,1.4497363081916212,0.048510617422436786
SC,Jul,era5,0.7249000865917811,0.7251571068672631,0.704416133429006
SC,Jul,merra2,0.9251565860567066,1.1969983061669236,0.9501440253937941
SC,Jun,era5,0.9061745997481289,0.8028313948392509,0.9069645571478624
SC,Jun,merra2,0.5867307141925159,1.1870792329633477,0.7277353480132138
SC,Mar,era5,1.7770930559568023,1.0825120318402124,0.47284306168653334
SC,Mar,merra2,2.3698883312796815,1.2009963780604116,0.25402537216743815
SC,May,era5,0.9734120880825867,0.6386584217333915,0.9667929561420687
SC,May,merra2,1.3115063285513258,1.0752529732263907,0.7720418127732371
SC,Nov,era5,0.4213421955440732,0.9896754690705224,0.5587531522967006
SC,Nov,merra2,1.6936031651408965,1.2786124067818891,0.5874978428523452
SC,Oct,era5,2.224686991508003,0.733063811739554,0.09479246558589227
SC,Oct,merra2,2.8761528101133664,1.1118196162190466,0.0915146446875248
SC,Sep,era5,2.2210759566733214,0.6752166791678794,0.07054101705562599
SC,Sep,merra2,2.648971757138025,1.010375627164327,0.10267141056047957
SD,Apr,era5,-0.8022098211486764,1.5224397997253047,0.23650639403420848
SD,Apr,merra2,0.28082450591179464,1.7178372718945454,0.6754706997086131
SD,Aug,era5,0.41446739378791425,0.9362338126812773,0.5317001661818925
SD,Aug,merra2,0.8534096183183862,1.2325153493867331,0.90532610138419
SD,Dec,era5,2.0947828420372088,2.0052775934913165,0.5850997794498949
SD,Dec,merra2,3.400375809507675,2.1140809289159184,0.25619818701191543
SD,Feb,era5,-1.2414655339601748,2.2409693162084436,0.3172033605901059
SD,Feb,merra2,-1.1463108413792813,2.424899247275857,0.37609546762307056
SD,Jan,era5,1.4840585588948934,1.7942305147424575,0.7873247716646492
SD,Jan,merra2,2.839386738386206,1.8521267780455637,0.3206507964083327
SD,Jul,era5,1.8107197265917065,1.1283079401398541,0.47243240215987936
SD,Jul,merra2,3.175883137676061,1.5312807599861182,0.15532944610402222
SD,Jun,era5,3.04137141711662,1.177906380330282,0.08308666682239685
SD,Jun,merra2,3.1993943900932065,1.5572920623358042,0.15785582348022587
SD,Mar,era5,1.499289487146495,1.9584822030087528,0.7987717939233607
SD,Mar,merra2,1.278828722247286,2.0447186011171112,0.891532482022277
SD,May,era5,-1.4567197882210494,1.1186991461996483,0.028088331003247147
SD,May,merra2,-1.9375836330780745,1.422285874806593,0.038885541666489054
SD,Nov,era5,4.922645067520338,1.7723030796673471,0.026876710674057502
SD,Nov,merra2,6.855357106692107,2.0650374439429413,0.004575793885281065
SD,Oct,era5,-0.4286898417109204,1.2234977781675744,0.24292400869211317
SD,Oct,merra2,-0.07132413590182922,1.6011629873184492,0.5034372747348153
SD,Sep,era5,3.4168007414627133,0.9744303733459949,0.013130170473307778
SD,Sep,merra2,4.866910558443745,1.27578900772626,0.002437489963669215
TN,Apr,era5,1.801060069029675,0.9067265967505661,0.37698576614275003
TN,Apr,merra2,2.063236526124232,1.0722226597120286,0.32138334237368227
TN,Aug,era5,0.8673141144755584,0.833032557361323,0.8734478424419656
TN,Aug,merra2,0.7097137531759131,1.2617628261540517,0.8180420113336302
TN,Dec,era5,2.8213511440928936,1.5108494784506183,0.22800469516284272
TN,Dec,merra2,3.2398517485196443,1.926167202039665,0.24488863546113881
TN,Feb,era5,1.0454936057381825,1.3584133372105718,0.9732836388069328
TN,Feb,merra2,2.0335351390978373,1.758600299515882,0.5567314831900267
TN,Jan,era5,2.422438125637675,1.2890025867637205,0.26980208751558443
TN,Jan,merra2,3.577221923810841,1.5745476765477777,0.10167196218895436
TN,Jul,era5,0.5856254694331763,0.6884562265589955,0.5472477359873269
TN,Jul,merra2,0.31355236508890877,1.1685197004376116,0.5569010982339635
TN,Jun,era5,1.6179816748962452,0.7249277456154056,0.39395135456591657
TN,Jun,merra2,1.2455193139461223,0.9750000576321585,0.8011843206458271
TN,Mar,era5,2.0433421784195533,1.2166981974201314,0.3911579568682684
TN,Mar,merra2,2.111384815829843,1.429271178058546,0.43681164918609117
TN,May,era5,1.4206604555893876,0.8193457174769581,0.6076644061790706
TN,May,merra2,1.246412356912567,1.0465929006271009,0.8138653710706991
TN,Nov,era5,1.1285991854269957,1.2033979165421982,0.9148973543778507
TN,Nov,merra2,1.869584637698433,1.5514863464471165,0.5751487504899588
TN,Oct,era5,1.8395201648737949,0.8038682687879019,0.2963232929796109
TN,Oct,merra2,1.9931224860699324,1.142234285657251,0.3845977486995913
TN,Sep,era5,2.873404423161541,0.8178667670636262,0.02198664341805512
TN,Sep,merra2,2.80427105485364,1.1500253619039051,0.11667199886209456
TX,Apr,era5,1.1050596153721333,0.8192712917066228,0.8979626537494467
TX,Apr,merra2,0.7119079776253507,1.1190730837022795,0.7968406121538034
TX,Aug,era5,1.314892430109437,0.7233602025843617,0.6633309054461631
TX,Aug,merra2,0.19723468424645366,1.0827586878464908,0.4584464521880498
TX,Dec,era5,2.6383546337290134,1.0911227995308375,0.13321829250560624
TX,Dec,merra2,3.62193771385361,1.350520831231194,0.05220649628226681
TX,Feb,era5,0.8219873465248332,1.297493394449379,0.8908748066468526
TX,Feb,merra2,0.9334460039930903,1.4664478833128982,0.9638008397881643
TX,Jan,era5,1.8799903548199466,1.1365513648602081,0.4387749227049855
TX,Jan,merra2,2.48094233458086,1.3659452817491746,0.27828117484195136
TX,Jul,era5,1.3487556739342463,0.764401517129192,0.6482125830086525
TX,Jul,merra2,0.7808910300942044,1.2154496028352495,0.8569406903122212
TX,Jun,era5,2.4132780839613326,0.8528729718820083,0.09750345857401443
TX,Jun,merra2,1.9716466985055183,1.357805438784618,0.47423786118697886
TX,Mar,era5,1.6997202052225049,0.9046605385799333,0.439249234612459
TX,Mar,merra2,1.0900884535939999,1.107525777237864,0.9351699075316131
TX,May,era5,1.5103357898581888,0.8840082022089689,0.5637384527582139
TX,May,merra2,1.5827862303183953,1.3382507380275255,0.6632114506713325
TX,Nov,era5,1.944537449308532,1.0247541075160485,0.35667408891079955
TX,Nov,merra2,2.993632998496816,1.3059402103693079,0.1268634271840976
TX,Oct,era5,1.993130550883054,0.6562580040459277,0.1301975483071489
TX,Oct,merra2,2.014759799803002,0.856753430232445,0.23624504511412514
TX,Sep,era5,1.549760243474045,0.7355436596076853,0.4548099112792048
TX,Sep,merra2,1.1675676602478955,1.0676569242925964,0.8752850614034249
UT,Apr,era5,1.4638625571960917,1.144483821179702,0.6852549101062653
UT,Apr,merra2,1.3481088026625505,1.4750793204373471,0.813437887037026
UT,Aug,era5,2.805259133607119,0.7404002680273777,0.01475976657851441
UT,Aug,merra2,2.3685251759197334,0.7869122281901227,0.08201580694436306
UT,Dec,era5,0.8824422207071962,1.103494302756659,0.9151600344241686
UT,Dec,merra2,1.8339568509562019,1.1717896025627725,0.47665363823753637
UT,Feb,era5,2.162015795259327,1.2091469711826124,0.33654154088750543
UT,Feb,merra2,1.5202975011228534,1.3672076989914987,0.7035335998155661
UT,Jan,era5,1.5189524015415627,1.4328672001589409,0.7172193186285771
UT,Jan,merra2,2.7288675096193487,1.4021242653956,0.21756291490183122
UT,Jul,era5,4.080189450591914,0.7574532365889117,4.772290060306439e-05
UT,Jul,merra2,4.288736596445434,0.895572567061004,0.000240455585504451
UT,Jun,era5,3.8528501607813057,1.1854895265430174,0.016107334238095072
UT,Jun,merra2,3.262600995866463,1.5144691973475115,0.13517837803984634
UT,Mar,era5,2.430540962946571,1.0564898574400006,0.17572016327499007
UT,Mar,merra2,2.178337494215254,1.3305615033020575,0.37583626074491416
UT,May,era5,0.906384039506933,1.1938905727029818,0.9374999199507354
UT,May,merra2,0.6138624084954131,1.4447955513216912,0.7892681656675338
UT,Nov,era5,3.6395079067585296,1.208810787318597,0.028994776612590645
UT,Nov,merra2,5.075131499397985,1.5559795750626237,0.008818445979676737
UT,Oct,era5,2.076558183098329,1.1719021217349912,0.3582830015647698
UT,Oct,merra2,2.7116926215587207,1.397737900133488,0.2207198219200195
UT,Sep,era5,4.2613724932045125,0.8360770087978131,9.587377263864383e-05
UT,Sep,merra2,3.925629388859724,0.9622862193032303,0.002363502721440369
VA,Apr,era5,1.5307144263682255,0.8533249448645521,0.5339832404731844
VA,Apr,merra2,2.4511428468945127,1.1009302379103205,0.18746813745541369
VA,Aug,era5,1.6453371357180504,0.71642445313731,0.3677080374137476
VA,Aug,merra2,2.731223488203234,1.0295993917122808,0.09267486364350552
VA,Dec,era5,2.107585790322614,1.560340369450758,0.47780583240109964
VA,Dec,merra2,2.7095327822739264,2.0962854536614657,0.41478289063378715
VA,Feb,era5,1.462198121141482,1.4275013255429032,0.7461036750066345
VA,Feb,merra2,2.90799811929995,1.8941045802102245,0.3137737442603932
VA,Jan,era5,2.0083593354797724,1.247356094889211,0.41886188905421706
VA,Jan,merra2,3.6285802518776995,1.5435293582137581,0.08857416039209376
VA,Jul,era5,1.2566092841337904,0.7583448447428501,0.7350762918310929
VA,Jul,merra2,1.122795682910051,1.1027151751050557,0.9113328045313933
VA,Jun,era5,0.6002270448742468,0.6307554429285859,0.5262111923962196
VA,Jun,merra2,1.1056944560760553,0.9341121161076386,0.9099119151764894
VA,Mar,era5,2.167193664988654,1.2084976364640765,0.3341332327906956
VA,Mar,merra2,3.065741923336971,1.515611989416837,0.1728902499833933
VA,May,era5,0.5759553056606946,0.9321855054963833,0.6491861935046706
VA,May,merra2,1.105023895078915,1.2250559526534393,0.9316811518311643
VA,Nov,era5,0.7767975893157193,1.1890965386953456,0.8511059030657371
VA,Nov,merra2,1.8478461777077093,1.4887406551162674,0.569013054285767
VA,Oct,era5,1.3649723373583096,0.8056559008066202,0.650539612230755
VA,Oct,merra2,1.7742181990456716,1.1802780676909974,0.511848227064337
VA,Sep,era5,2.19920972055632,0.7474778226645458,0.10863878955399686
VA,Sep,merra2,2.97281301950693,1.102271040259489,0.07349069254334117
VT,Apr,era5,0.10090072637481041,0.999861905535935,0.36853365135021443
VT,Apr,merra2,0.5393062636901444,1.1576851735913867,0.6906715497013094
VT,Aug,era5,2.1547022183419324,0.6056613052666864,0.05658345248464247
VT,Aug,merra2,3.1818643250264866,0.7171388794458254,0.002346552087823195
VT,Dec,era5,2.156334720247126,1.4659297786885757,0.4302251967023021
VT,Dec,merra2,2.4739573373894634,1.8136339299591135,0.4163846923231036
VT,Feb,era5,1.2936880676236322,1.415307870335165,0.8356129457791588
VT,Feb,merra2,2.7269788781076723,1.8324189990861652,0.3459579439202778
VT,Jan,era5,2.6343864487667967,1.5088863866679203,0.27873121383590904
VT,Jan,merra2,3.5994960157211504,1.7608111777203517,0.1398617779961675
VT,Jul,era5,1.4964797792245585,0.7718002235616215,0.5200456832140035
VT,Jul,merra2,2.704434395644598,0.7952241187473744,0.03208593498321832
VT,Jun,era5,1.1741587200555128,0.7727894065224764,0.8216963081492632
VT,Jun,merra2,2.2286969005577517,0.8264796363019037,0.1371037739954608
VT,Mar,era5,1.2858476880434642,1.240135005646747,0.8177054129210433
VT,Mar,merra2,3.249094533218496,1.7433993179461749,0.19702886895987426
VT,May,era5,1.0018840488545278,1.1161527269202196,0.998653183616631
VT,May,merra2,0.8615170471613569,1.2127754813308536,0.9090897145546519
VT,Nov,era5,1.301992564805525,1.097480749038248,0.7831864831707365
VT,Nov,merra2,1.9352561505579653,1.4322220506802483,0.5137494584403173
VT,Oct,era5,1.7863893091797134,0.9684899782442301,0.4168061787789723
VT,Oct,merra2,2.4541093226017114,1.1310550690555992,0.19857500179931975
VT,Sep,era5,3.136143184174995,0.7104763086921344,0.002641564278055508
VT,Sep,merra2,4.1779252153417765,0.7816693258035725,4.791682495541849e-05
WA,Apr,era5,1.275443234042955,0.9699433628137262,0.7764267206492221
WA,Apr,merra2,1.4195195165762478,1.3099380812947035,0.7487719681279668
WA,Aug,era5,2.8232361844228464,0.7105392154993077,0.010288193492383524
WA,Aug,merra2,3.3163695513061486,0.9424631911903921,0.013979780623658788
WA,Dec,era5,1.6150616505102466,0.9795838948457393,0.5300822095237052
WA,Dec,merra2,1.781552746938969,1.178382536395026,0.5071755998250547
WA,Feb,era5,1.2081457618814746,1.1819162877128289,0.8602085322172381
WA,Feb,merra2,1.3160654102352873,1.4234356539411444,0.8242795961694271
WA,Jan,era5,1.9594051170331745,1.0203571327304743,0.34708214154659967
WA,Jan,merra2,2.2116104847700773,1.1740155509936692,0.30206156896531366
WA,Jul,era5,3.430390384422822,1.1101137690477865,0.028573844370567647
WA,Jul,merra2,3.911173225322954,1.3462277410726666,0.030582188872718685
WA,Jun,era5,1.342595166334711,1.1111683268668273,0.7578390217329323
WA,Jun,merra2,1.2923807229881632,1.4021622310194481,0.8348219354646882
WA,Mar,era5,0.5138848042175411,0.9625185651869986,0.6135272248402679
WA,Mar,merra2,0.19043342668377006,1.3039062198300966,0.5346799541242868
WA,May,era5,1.9861749959069845,1.0161829906728304,0.33181232598472743
WA,May,merra2,1.9257154309902156,1.3494680165011192,0.49272228062201884
WA,Nov,era5,2.5616546609909574,0.9599729937949755,0.10378608956997581
WA,Nov,merra2,3.4049382376299056,1.185594033893722,0.04251261967760889
WA,Oct,era5,0.44532524848254984,0.9705491556055045,0.5676566344311602
WA,Oct,merra2,0.6264040402329644,1.3746131392033023,0.7857891699936392
WA,Sep,era5,2.0506954670215434,1.0771884561872005,0.3293591922943846
WA,Sep,merra2,2.450398092344403,1.4242738671195017,0.3085153905238247
WI,Apr,era5,-0.5395023717565084,1.2970450667275633,0.23525502881114457
WI,Apr,merra2,0.11164398806093069,1.511787857882714,0.5567877251866782
WI,Aug,era5,0.9460790036177675,0.7595467848376665,0.9434049072929065
WI,Aug,merra2,1.1291641906645165,1.0653869743406867,0.9035034150936758
WI,Dec,era5,2.9692888705643337,1.6118997874899292,0.2218138443484272
WI,Dec,merra2,4.565601790130196,2.000668591204483,0.0747157895273427
WI,Feb,era5,-0.6814105044855503,1.707845053594585,0.32485907044834406
WI,Feb,merra2,0.8750715546320433,2.189558928962347,0.9545002329011714
WI,Jan,era5,1.8330942291981944,1.536205006816482,0.5876072581101017
WI,Jan,merra2,3.821484925676747,1.8640978141321796,0.1301291625701344
WI,Jul,era5,1.109812678618367,0.8958832095864195,0.9024438341537586
WI,Jul,merra2,1.992788899231401,1.3546673307336308,0.4636404901538633
WI,Jun,era5,1.5969556774219147,0.8307095735536482,0.47238164283028494
WI,Jun,merra2,2.122330913207384,1.1243599642346314,0.31818462998110064
WI,Mar,era5,1.650481147061052,1.527806358201426,0.6702816338206785
WI,Mar,merra2,1.7475861727223683,2.039139018458254,0.7139035757956531
WI,May,era5,-0.36461958577471665,1.1542454533651785,0.2371020858238626
WI,May,merra2,-0.5953815289744455,1.3061444577039512,0.22191818290323928
WI,Nov,era5,3.0690062471208206,1.5219869059002311,0.17401628219584442
WI,Nov,merra2,4.555048681552593,1.9453316494445176,0.06762809404132075
WI,Oct,era5,0.4351775132961315,1.0395633793100276,0.586904919520395
WI,Oct,merra2,0.7608194178724367,1.3767703086923562,0.8620809267805998
WI,Sep,era5,3.077101845055731,0.7295670759516792,0.00441287298547266
WI,Sep,merra2,3.8580591716987827,1.0022983678242086,0.004351275217033601
WV,Apr,era5,1.562574794564434,0.9449872213293158,0.551626052033231
WV,Apr,merra2,2.3455709382930796,1.112568544165562,0.22649866772313043
WV,Aug,era5,1.3934600951597562,0.7165947302335732,0.5829579613001612
WV,Aug,merra2,2.4793312662809415,1.0471153241632463,0.15772388154445371
WV,Dec,era5,1.945635196415771,1.7067134342966492,0.5795323502946004
WV,Dec,merra2,1.990441404912313,2.215607406844901,0.6548539122820605
WV,Feb,era5,1.1072300854071768,1.5330581013047,0.9442372612802459
WV,Feb,merra2,1.9407787702108097,1.9557128450094743,0.6304871022278993
WV,Jan,era5,1.7706549561787255,1.444658916202523,0.5937213198666005
WV,Jan,merra2,3.1522851972132533,1.7214249396583337,0.21119260984675003
WV,Jul,era5,0.6886366931241884,0.7504339666584503,0.6782070575949222
WV,Jul,merra2,0.727382386067265,1.1495292369337344,0.8125358652316361
WV,Jun,era5,0.757643654410749,0.5875420911563524,0.6799789263457603
WV,Jun,merra2,0.9447915640283798,0.8736586318271634,0.9496134331000603
WV,Mar,era5,2.3960557379560607,1.3841913738436504,0.3131802617552668
WV,Mar,merra2,2.958696279755354,1.7219610026365668,0.25533766171274785
WV,May,era5,1.0538976404429348,1.07640808301939,0.9600652087540273
WV,May,merra2,1.2305446101039184,1.3420216357603483,0.8636033812830213
WV,Nov,era5,0.8690145034073804,1.3003181437044837,0.9197620792112771
WV,Nov,merra2,1.867230140333172,1.680350090757739,0.6057839617681171
WV,Oct,era5,1.281508324380684,0.8950053783580582,0.7531165982169923
WV,Oct,merra2,1.6653307487894993,1.236960392810295,0.5906629708129949
WV,Sep,era5,2.635874090310198,0.7922531746537541,0.03893837527479671
WV,Sep,merra2,3.598753162444187,1.1509712455493994,0.02395323900984092
WY,Apr,era5,-0.8027063656955585,1.1864808891090401,0.1286687746104842
WY,Apr,merra2,0.8476728216519224,1.629601852811985,0.9255261390704936
WY,Aug,era5,0.881130564190224,0.7629161358924818,0.8761833328785187
WY,Aug,merra2,1.5693241552852064,0.9568471979948656,0.5518434203521094
WY,Dec,era5,0.8462444512241406,1.2172776740271147,0.8994857567423373
WY,Dec,merra2,2.2146703169919375,1.369474341797906,0.3750999037498324
WY,Feb,era5,-0.49354114663469506,1.4315758451137073,0.2968164645831939
WY,Feb,merra2,0.4239070536795177,1.401419544718829,0.6810152350989274
WY,Jan,era5,1.3887657172181456,1.1161315243186987,0.7276033841925282
WY,Jan,merra2,3.227403745733961,1.2022170707166222,0.06391866881111974
WY,Jul,era5,2.902559137725231,0.9584859579832025,0.04714859108329206
WY,Jul,merra2,4.531661093836274,1.1080676063633201,0.001436448411358926
WY,Jun,era5,2.03739122031308,1.2988930956481455,0.4244798791479274
WY,Jun,merra2,2.2854546678759937,1.604417015150396,0.42301740257655607
WY,Mar,era5,0.5249506078072305,1.2288178902734204,0.699059350140049
WY,Mar,merra2,1.0477118493234467,1.31289748190869,0.9710105542423975
WY,May,era5,-1.806334534484953,1.1156836069843854,0.011891433538825602
WY,May,merra2,-0.9116503172439566,1.4612642331567056,0.19079980904004623
WY,Nov,era5,3.2040996411766374,1.4455849198007051,0.12733112566706817
WY,Nov,merra2,4.893716926197528,1.6711112395411005,0.019805273851241534
WY,Oct,era5,-0.11770280260105098,1.2493959416887894,0.37100386525052365
WY,Oct,merra2,1.3961054126703007,1.478923533133798,0.7888274069076588
WY,Sep,era5,3.7166392203120306,0.9392010988361038,0.0038218912781726733
WY,Sep,merra2,4.811357416588192,1.0668022765940337,0.0003533284033807593
