Region,Month,Pooled_Intercept,Intercept_SE,Pooled_Slope,Slope_SE,Slope_p
AK,Apr,-5.5320197332239225,0.31485330211256396,4.020081232490123,1.3686825519046828,0.0033120070536982738
AK,Aug,9.604821857898772,0.16488153231187447,1.2317619134556275,0.4972131141172938,0.013236874242733343
AK,Dec,-16.16487210739575,0.42455972465748554,1.3592073401041596,1.8356896132188754,0.45903658335455244
AK,Feb,-16.13596612441084,0.5330071531427308,3.448355767804268,2.0858197965740968,0.09828251174930736
AK,Jan,-17.983280390143722,0.5834086739707769,1.4094565251104336,2.4338930087754194,0.5625247262071773
AK,Jul,11.960068401086486,0.1397063885205702,0.8315444822595704,0.5160795355373131,0.10712046055781643
AK,Jun,9.901332271197926,0.14085785629553454,1.6428212958790027,0.4560199817596634,0.00031514663612730587
AK,Mar,-13.249832826183729,0.40087099644371704,0.8529475045934705,1.766412200158901,0.629188025853741
AK,May,3.2093194811422405,0.24268598890063486,3.6678688345567645,0.7796539747627534,2.5451012857224953e-06
AK,Nov,-13.243085932227467,0.42281607912571595,3.6836652247580677,1.3621640929775127,0.006845377423527532
AK,Oct,-4.581853193340295,0.28691778635900883,6.059339442373423,0.9354335405365848,9.320944016621979e-11
AK,Sep,4.185645869787135,0.2265771566262846,2.6015373670112556,0.896044725491148,0.0036918600042370464
AL,Apr,17.206739756324026,0.20975769736603755,1.6002422140846744,0.6786369366936441,0.01837250290598269
AL,Aug,26.657693396480397,0.15775867355736256,1.0358525378589756,0.46798638406894,0.026868391680652692
AL,Dec,8.607640131626805,0.3414084879924882,2.675542285212039,1.563919375618847,0.08711933640898817
AL,Feb,9.261461684133446,0.2972340856656869,1.5704080422818643,1.3173353469985816,0.23321829448967257
AL,Jan,7.047095217634076,0.318423000031118,2.102055584894128,1.2522510734439372,0.09322583216958491
AL,Jul,27.016461146153016,0.13898154987016487,0.6924964692697807,0.5189045928032494,0.1820285031650164
AL,Jun,25.65124551675991,0.15085634027525904,1.2199380997444713,0.5086488615129011,0.01646734320196175
AL,Mar,13.230415510748575,0.2540286090622168,2.1317359979393675,0.9717189536325583,0.02825134834248022
AL,May,21.874960065297877,0.15934183446449496,1.3287311727727413,0.6305192695691643,0.03508637444091067
AL,Nov,12.512516332869179,0.26467464740885394,0.24000998861750344,1.1417707386203404,0.8335048949430002
AL,Oct,18.129841101668884,0.21680245756871339,2.068586054482016,0.9838013105121481,0.03549671109527619
AL,Sep,23.879144147144245,0.16153003411876898,2.179430672807751,0.7163228165478748,0.0023460168113635937
AR,Apr,16.01128481398437,0.25125996474867374,0.8567615738566574,0.887695520727535,0.33446842150267786
AR,Aug,27.170230748258515,0.2427176175211377,0.3761930570952114,0.8359661634400801,0.652703295704256
AR,Dec,5.596792998166271,0.34860247541422307,2.7354850847073204,1.586779049214889,0.08472172345653162
AR,Feb,6.2962580279848055,0.3600339446358053,0.4536694903155521,1.5433366597298839,0.7687932985412793
AR,Jan,4.05796220539851,0.28579697791474,2.4957972240920188,1.1139528554891722,0.025059304441274577
AR,Jul,27.601839431755565,0.19443731285853516,0.573071729855973,0.7080632299541204,0.4183132407357961
AR,Jun,25.387504832797596,0.174228892330356,1.6840456947206768,0.6622994954113108,0.010999165908588182
AR,Mar,11.191318838545012,0.2754531865412579,1.6463005851799235,0.9508946480840675,0.08339514433555051
AR,May,20.813873960775467,0.19384664308378444,0.8125419783047112,0.6959732220930269,0.24301242767994924
AR,Nov,10.48044076989424,0.26665578686023195,1.0395726012875401,1.0421376365565385,0.3185031090047874
AR,Oct,16.803338505315335,0.18175814211469454,1.286323510402171,0.7654132143704457,0.0928482384277558
AR,Sep,23.25229402193598,0.19307173896444785,2.4592744309772554,0.744592671355599,0.0009570916043422084
AZ,Apr,15.283144809886336,0.2602868154426397,1.3298418517566666,0.8486809925727193,0.11712605680297772
AZ,Aug,26.821099352880832,0.14838329415853393,1.717415483214218,0.665268927139768,0.009836181845535252
AZ,Dec,5.59830730868238,0.22930151105448415,1.390809635637402,0.6643623956329747,0.03630897905339814
AZ,Feb,7.651528717363119,0.23495480434406021,0.9829416464745252,0.9212212476772893,0.2859725343501478
AZ,Jan,5.7265580320384375,0.22681036937346255,1.220192396511389,0.8033356607523406,0.12878583219790052
AZ,Jul,27.89070476508132,0.12504552186632215,2.0700085831785655,0.4754189844176865,1.3363166297519768e-05
AZ,Jun,26.00101301437401,0.19936894263497845,2.6101880206800008,0.6440074362641507,5.0556313483829385e-05
AZ,Mar,11.102606457576117,0.2450900612903355,2.0147266139546685,0.8312121196240286,0.015357297242255541
AZ,May,20.212974947286327,0.27187727844466,0.408710517632449,1.1360022048623626,0.7190118948731234
AZ,Nov,10.466486210120094,0.25284359302967774,3.3028786921461086,0.944048804761269,0.0004676527791271923
AZ,Oct,17.163006741766065,0.21699573824484866,2.1585064936508433,0.8236581319926843,0.008776643408015872
AZ,Sep,23.65147484474318,0.15648711417118158,2.2318290870914823,0.6726211665362761,0.0009062971765709804
CA,Apr,12.366735688454472,0.23496695925293581,0.8607075589436078,0.8662354403007069,0.320408633998873
CA,Aug,24.090368940958665,0.13012166947506826,2.0367150243759107,0.4952194589912814,3.9096962443085914e-05
CA,Dec,5.851983410376897,0.1801877360631684,0.9016727195076087,0.5855460976293511,0.12358877622104125
CA,Feb,7.38239917066647,0.22017700483238842,1.0606249698682975,0.9255972034714244,0.2518440715909056
CA,Jan,6.148160380166874,0.21563703291634695,1.7635739370880552,0.8164352573671568,0.030765674380940133
CA,Jul,24.51999410064608,0.16458053823121832,2.426827843560872,0.6832868947615496,0.0003827557116959923
CA,Jun,21.002080952009717,0.2418591174909668,2.10223397924083,0.7848041631036913,0.007391446603936647
CA,Mar,9.556697438045049,0.24266741997297392,1.0720517580656557,0.9089177631699447,0.238206467798884
CA,May,16.38516319097923,0.27031787419214237,0.15177319407845147,0.8277715777130056,0.8545221961822871
CA,Nov,9.714199593722194,0.22122825649505137,2.1935539698010054,0.8372552203570268,0.008794661622869349
CA,Oct,15.78248312633896,0.22964686642725257,1.5548130713088335,0.883273062799971,0.07835935266135241
CA,Sep,21.141523938466687,0.16914596159959783,2.3732407079142663,0.8311205942755582,0.004297305476455904
CO,Apr,5.954795874487599,0.23951688913287225,1.0278618164281506,0.8032067468844322,0.20065147829678276
CO,Aug,19.416835220920543,0.14213181916191428,1.4379552041415053,0.6043595993780825,0.017345365228466747
CO,Dec,-4.160886773424463,0.23316086627587712,1.2285901820420728,0.8565271405307469,0.15146225944713065
CO,Feb,-2.768337756216928,0.255637890487319,0.13969482191004828,1.039459500527383,0.893092774133164
CO,Jan,-4.3495570548973825,0.22951035983941184,1.638092037287461,0.8109394109669134,0.04338410036476015
CO,Jul,20.59082616550438,0.1301262050868524,2.1347588441721426,0.42065896688403975,3.879099950143683e-07
CO,Jun,17.577839985415476,0.22711527400143128,2.8481806597706636,0.6964498446312308,4.321729119238782e-05
CO,Mar,1.6891891361660123,0.22864911627608064,1.591454559650017,0.8748958150884177,0.06890810437822203
CO,May,11.259370367200496,0.2170048444183127,0.2233719621679085,0.8479968739030885,0.7922335790012713
CO,Nov,0.798623335167353,0.26543007180626693,3.225135044777271,1.1106108162590833,0.003685116260886856
CO,Oct,7.75664786912103,0.20820477687191966,1.4638503768345783,1.002941679062466,0.14441191137077736
CO,Sep,15.054650387545378,0.16742805611234687,3.481345470644559,0.6164301125602994,1.6271122893485312e-08
CT,Apr,8.10974976400272,0.17425142608377173,0.8833188660359282,0.7279588066475805,0.22496976080244036
CT,Aug,21.782257286803382,0.1468430633365798,2.5178149138848838,0.5325680809764881,2.2709247469165916e-06
CT,Dec,0.1792444744360583,0.3621632810558186,2.3378040669460525,1.389088036027867,0.09237942532885879
CT,Feb,-1.8558589562328522,0.3311192358808538,1.3685950414169228,1.3998322584994345,0.328230128754198
CT,Jan,-3.073639365451074,0.3501048061182619,2.668306933421565,1.154430460187007,0.02081285676643363
CT,Jul,22.523644538657784,0.18101380134193462,1.9026180228728422,0.6130793662721998,0.001913240393641935
CT,Jun,19.12674163704186,0.14285469289301933,1.1182988696076965,0.5228162632370649,0.03243646111360077
CT,Mar,2.0900226476500237,0.26253436312229045,1.3533447867804411,1.0815052382871015,0.21080572947337384
CT,May,14.019050836084634,0.1901825954731112,0.7194137326460284,0.665791876009533,0.2799024670411314
CT,Nov,5.554264006637753,0.22468710033348807,0.9836594029344379,0.8486725968015675,0.24643319721257018
CT,Oct,11.393169294434552,0.18257451103867542,2.5250118110179627,0.7434187992095125,0.0006825695926910846
CT,Sep,17.76531715332144,0.12589824944203984,2.561630349947313,0.44916261834437965,1.1763097385042443e-08
DE,Apr,12.13992300644083,0.18611392542931351,1.6934562203877443,0.7877851025812422,0.031583515687358954
DE,Aug,24.62385740171619,0.13888118273812305,2.044547118789639,0.5010395706475206,4.491765202963016e-05
DE,Dec,3.922051581942449,0.36073682309148514,2.096303518529067,1.367236428951087,0.1252163831676132
DE,Feb,2.518358718860024,0.3169206978282726,1.678880843468161,1.1971323526376718,0.1607902410312736
DE,Jan,1.2191139393572752,0.3290287570165285,2.388592017241584,1.2422371487452002,0.05450330842765094
DE,Jul,25.60447080765959,0.14774613646812595,1.5283195505735307,0.4642523528359462,0.0009947699835783919
DE,Jun,22.701148492060373,0.13388989183479352,1.4809148240387429,0.4962475690394081,0.002842968385376121
DE,Mar,6.467320205451457,0.2604798460466983,2.0821872451875865,1.011063848731858,0.03945571281040117
DE,May,17.55054828209163,0.21937944237762635,1.2732798884665895,0.7690535657262891,0.09779367941013062
DE,Nov,8.865225223450732,0.2418525475732841,0.4503350323673188,0.9317309558113777,0.6288602919906299
DE,Oct,14.71677713465071,0.1974687286160792,2.395761137545095,0.8492217643030272,0.004785548356160518
DE,Sep,21.04510628306552,0.1345100392494081,2.18367231609079,0.489612675834591,8.195982330594376e-06
FL,Apr,21.316709865483507,0.16836730304969535,2.3404886042510706,0.5795348601117547,5.377942822759607e-05
FL,Aug,27.314500949178807,0.070210468581397,1.1521087721172276,0.21340457989915293,6.712293898480937e-08
FL,Dec,16.05856426914155,0.2918547494880738,2.25536915148715,1.1848828580245196,0.05698142564272257
FL,Feb,16.166469330221734,0.27202203262878016,1.4966285970312416,1.0579128361928694,0.15715666635316006
FL,Jan,14.531461255479671,0.2988886559308819,0.9011904145044021,1.0058658326786643,0.3702874746460254
FL,Jul,27.423929154705853,0.07754836785268751,0.8848615877501488,0.29605437493624015,0.0028003121345869797
FL,Jun,26.825767012238426,0.10200080685181728,0.926659174278931,0.33321717326042166,0.005420064720176532
FL,Mar,18.48209236992039,0.2451266804200286,1.7831266479187988,0.9019763336293428,0.048051727284722956
FL,May,24.740004627904455,0.11340336141351033,1.2730144587846526,0.38422053376174375,0.0009222213514856747
FL,Nov,18.959279546274857,0.2118627011305214,0.3508170579680827,0.9356200281343082,0.7076926220601056
FL,Oct,22.908165696236196,0.15105803769148582,1.6535008104061746,0.647588994304822,0.010670194457792936
FL,Sep,26.10329482436851,0.07497490763542862,1.1985750714542314,0.26742874787110654,7.399934907503791e-06
GA,Apr,17.456265707466788,0.20059450741423387,1.777041488871993,0.6933168745027798,0.010374172930886383
GA,Aug,26.477715205097905,0.14074914079875078,1.2294312436195083,0.4309108084489615,0.00432951164606421
GA,Dec,9.14055300947312,0.3364728253766766,2.7907992854856363,1.4329522603022422,0.051464392852704544
GA,Feb,9.750576162712271,0.29112120875081093,1.6782701162188078,1.2014673340908493,0.16245856512679469
GA,Jan,7.594262043686509,0.3194465393645604,2.197281276023806,1.1579014299546777,0.05774338403875401
GA,Jul,27.036607158638034,0.1458355042392248,0.7944837179968585,0.5942685366633441,0.18125192359857367
GA,Jun,25.6575952742418,0.14462105144479342,1.0127610632857473,0.5402477548710869,0.060844556692467355
GA,Mar,13.455814980852502,0.27005151703842484,2.0229373354208797,0.9598836242423696,0.035075831598273544
GA,May,22.094224412406838,0.15271626506753908,1.4658866329844813,0.6508429551020954,0.024303995003840617
GA,Nov,12.961248102928218,0.2731875230332694,0.08231858279244894,1.2055302012626132,0.9455594558699729
GA,Oct,18.36175450564544,0.21089780514224823,2.1072183883334272,0.982170118107207,0.03191513587759065
GA,Sep,23.75244742888634,0.1478252993675656,1.9294620851228519,0.6346525647713345,0.0023643178453112146
HI,Apr,20.49225808395975,0.06951903800235698,1.1546630278513343,0.2752078856846304,2.721465880872742e-05
HI,Aug,23.0535041469493,0.08791545252385866,0.7619847814135507,0.2919863564699941,0.009063255444503593
HI,Dec,20.52912577329886,0.06362770000376859,0.8440594098471624,0.2774649229793842,0.002349806227009976
HI,Feb,19.762329988435965,0.08909257571959811,0.498343460348689,0.25953204465072555,0.05483749317551534
HI,Jan,19.966020810468063,0.06340676058110473,0.8671923863482388,0.20525035376343367,2.3889094094009522e-05
HI,Jul,22.63684716990374,0.05902675533072679,0.9100078815781417,0.2509293142462749,0.000287232437259366
HI,Jun,22.068957812630863,0.06479069606539221,0.7049828460650779,0.2267135833046909,0.0018735683718091867
HI,Mar,20.01387964185592,0.09816906751986769,0.5806210147566655,0.34575628443044154,0.09309782417330648
HI,May,21.29517030551467,0.0712413109481829,0.9807123390079074,0.26516806929678755,0.00021691525727929317
HI,Nov,21.722020860471236,0.06792527085336585,0.674634811079864,0.25263519027955184,0.007576290064704505
HI,Oct,22.54943051711117,0.08788707174276889,0.7616657191484694,0.2596260192001504,0.003349441791687058
HI,Sep,22.99486064862677,0.08588977281801631,0.7450699299422029,0.32175660514467663,0.020578363497148144
IA,Apr,9.262584365433074,0.28997217732074815,0.6207310783116273,1.214827013455338,0.6093772979560605
IA,Aug,22.34874284410481,0.22483144196448018,1.107874386894544,0.79829434911262,0.1651973866308598
IA,Dec,-4.398012434123408,0.4292265603379058,4.126656492404696,1.7211701921350882,0.01650342949733208
IA,Feb,-4.5218836782101155,0.5097549035276764,-0.9633111196112889,1.970863768029506,0.6250002154549885
IA,Jan,-6.8573807427399895,0.4298190499282273,2.240886253134454,1.7169219582001343,0.19183274219086854
IA,Jul,23.613240440061585,0.2254265912620762,1.0956612107308805,0.7164039349805239,0.12616772200878246
IA,Jun,21.38528624419245,0.1785585345228257,2.484045809804888,0.6984621227632698,0.00037589958686523595
IA,Mar,2.4337545524791095,0.3884158277083083,1.5016428990243609,1.2659085038161613,0.2355363925358389
IA,May,15.825575052359035,0.249619006314973,0.16820909037283394,0.8639611854435507,0.8456315747622103
IA,Nov,2.53885069049495,0.38281580552067773,2.9962598379589824,1.2772052570064047,0.01897864664872473
IA,Oct,10.343133136964294,0.23173400423705082,0.672344602534369,0.9436586274865554,0.47616319443579513
IA,Sep,17.808035737721223,0.19477318907742253,3.2183810643438417,0.7599097986188802,2.2833355214135764e-05
ID,Apr,4.899924757812358,0.2513995658064753,0.40378789716208896,0.9774871000657358,0.679542361355854
ID,Aug,19.655608069281133,0.1931855835263375,2.2288226139706375,0.7690200311592524,0.0037523530138199312
ID,Dec,-5.639489231705475,0.27520946626175397,1.3446779202830856,1.0508253328891433,0.20067184511064307
ID,Feb,-3.6750879606530837,0.30884008282918163,1.059028286622908,1.3656367851145708,0.43805423103853447
ID,Jan,-5.470826326024606,0.29373817104678074,2.110095109289542,1.1585137716723877,0.06854894330477546
ID,Jul,20.243139428003815,0.26923497005454516,3.771928508444501,1.2428345684854116,0.0024058343845603236
ID,Jun,14.936625695699966,0.2774012680565569,1.4832593875646711,1.0725371311451335,0.16668186668887208
ID,Mar,0.9033547984686452,0.23851019358344236,1.1221659851647443,0.9987084858196974,0.261175476249369
ID,May,9.861850791302507,0.23435154892209994,0.31597298134910135,0.8517240390856866,0.7106520807169101
ID,Nov,-0.5716692046844083,0.29909987285234774,2.639805872883409,1.252225480426612,0.0350230768213986
ID,Oct,6.863666127138064,0.27079593746532793,0.7865704556270556,1.2355741531226059,0.5243833424412978
ID,Sep,14.20255826654691,0.22792987013870414,3.4118395556988323,0.9465667478615133,0.00031283114878943863
IL,Apr,11.446336517997297,0.26439530492652136,1.1486154379884637,1.0420738734584698,0.2703573748555361
IL,Aug,23.693829049218103,0.21062960137598055,0.9842335119956446,0.7714552929487053,0.2020212549986269
IL,Dec,-0.6415569715089936,0.4406907785866205,3.412784163874562,1.8497401074148345,0.06503646392139006
IL,Feb,-1.0046883328515732,0.42382092884144723,0.40223570391408603,1.7320972655809725,0.8163635229323076
IL,Jan,-3.1292392531155047,0.3753265735300478,2.7086007119264943,1.4646842551137154,0.06441843537249103
IL,Jul,24.63740461751993,0.22310274186303705,0.5486647537374518,0.6335289453859824,0.3864653304662704
IL,Jun,22.46128168081347,0.1627568703749489,2.0796800474690125,0.6466271048490423,0.001299017021558324
IL,Mar,5.167612229645962,0.35941106931453926,1.893266031520169,1.2897893979130202,0.14213472164968688
IL,May,17.402376834669465,0.2549899077322234,1.01960254414693,0.8956793309612435,0.2549715777351511
IL,Nov,5.551529098381167,0.30480714638988365,1.2058174074629855,1.1750938229150776,0.3048229382639376
IL,Oct,12.571512020534763,0.21789172511483015,1.1383865179238364,0.8802460646729408,0.1959213495389316
IL,Sep,19.508676992323366,0.1754464851430623,2.7155958112971295,0.7225154491319277,0.00017091471843544426
IN,Apr,11.048637818622963,0.23453922966599902,1.3788900085030031,0.9755566804292369,0.15752664018441287
IN,Aug,23.178939402185026,0.19913148653485507,1.3691660389046874,0.7153489112110482,0.05562225939869658
IN,Dec,-0.07002743393777788,0.4371075949674934,3.019849728061545,1.8226866274955373,0.09755741785748384
IN,Feb,-0.7213820015486626,0.4028499011120884,0.7440626691183618,1.6564751088454188,0.6532986873870734
IN,Jan,-2.622236220398755,0.37664627093985525,2.8598793986465134,1.3502798793415036,0.03417590725902375
IN,Jul,23.954423388829344,0.21050925050942013,0.8147985313162439,0.5708529016602043,0.1534832533076924
IN,Jun,21.8333370293651,0.15676234244984513,2.008846758907361,0.5951768855964779,0.0007375948160046608
IN,Mar,4.838135074038935,0.32591081909620784,2.1168297057430228,1.2785198149080403,0.09778505189706888
IN,May,16.951713400972448,0.2682312036283605,1.4406961319856018,0.9890613594966933,0.14521863017004066
IN,Nov,5.771210646891767,0.2999770108980402,0.6127364010559396,1.2073253521023064,0.6117931221278934
IN,Oct,12.423816824022541,0.24125426652495352,1.5997343244804092,0.9336078410786639,0.08662112715779502
IN,Sep,19.267431749607272,0.1704249944425123,2.6085055136569526,0.6553444579103459,6.88115782958576e-05
KS,Apr,12.452760684529599,0.27218586120062066,0.739348674057752,1.0081288795305623,0.4633223898343968
KS,Aug,25.555058768569463,0.243281195782155,0.3943418022147404,0.9135106901532333,0.6659759887239651
KS,Dec,0.2068366234385623,0.33368988593754795,2.4022883522256517,1.2860044504595771,0.06175859841083087
KS,Feb,1.1743116347060067,0.4037073178132419,-0.24349107271148313,1.7493735576807472,0.8893019223767116
KS,Jan,-0.730765984328263,0.2823084762615151,1.7831597222442155,1.056593426100323,0.0914784666264874
KS,Jul,26.66071902665603,0.22431079747153088,0.8864399837925737,0.6640384337514647,0.18190164497635264
KS,Jun,23.826370771317006,0.2075123550275841,3.1124051988606207,0.8558132531267034,0.00027606667801705065
KS,Mar,6.966553138172203,0.3279328115609448,1.7745619080007164,1.152197689932543,0.12352281386986452
KS,May,18.092865374569126,0.22661418068490488,0.22622453052595567,0.8617894194648714,0.7929316847219356
KS,Nov,6.076069386342682,0.307420179453724,2.8913151684637524,1.1653274367958262,0.013097091696202101
KS,Oct,13.44157956555223,0.2096822621671094,0.6259575963495281,0.9455669292270831,0.5079764478761386
KS,Sep,20.984324546628258,0.23588391322487207,2.6960448123824614,0.8504765950533533,0.0015241796195410995
KY,Apr,13.2299771149964,0.24720071965698115,1.6485983177632382,0.9767711076897515,0.09144883294686434
KY,Aug,24.479320286781476,0.1931324025254843,1.0678165159839,0.6834095210649673,0.11817398677154167
KY,Dec,2.985457370127959,0.39870832463372535,2.740194942755633,1.763567181087716,0.12023696661412475
KY,Feb,2.730625212364121,0.34750162710249305,1.2709740199293902,1.5106605932179848,0.4001594023414574
KY,Jan,0.7833595712928929,0.35297782979085324,2.583225569405794,1.325608284024237,0.05133011644359131
KY,Jul,25.052862008395756,0.17395484963366756,0.5478885191526905,0.6056340591219165,0.36564937847429535
KY,Jun,22.93492011931342,0.14052692269026462,1.5232377896735516,0.5792956177096421,0.008551923109718862
KY,Mar,7.71832228277934,0.3096959712942333,2.1061569960890933,1.0913327550906644,0.05361992077063471
KY,May,18.458123301359258,0.2520802169016484,1.6735869745585115,0.9856250938382122,0.08950861105806007
KY,Nov,7.938678805472089,0.29254850948032624,0.1278097984181046,1.2086979023495457,0.9157872759742576
KY,Oct,14.199598814110898,0.21636831210807733,1.5478585729028436,0.9770193540626309,0.1131331928249859
KY,Sep,20.70540322213889,0.19133810052122285,2.4622168621316978,0.8046979243730864,0.0022148286344712
LA,Apr,19.096210863731574,0.22088332335639016,1.1350284581952947,0.6422117367651153,0.07716557982657957
LA,Aug,27.957282636920056,0.16137605701384475,0.914733245501572,0.5232068278287867,0.08040853791177449
LA,Dec,10.664896526925615,0.31463867378285887,2.3238208717483575,1.3136399440292468,0.07689491493145795
LA,Feb,11.276338035875213,0.3006054262430378,1.1460830806083349,1.2778108550369147,0.36976621414810884
LA,Jan,9.276078762775779,0.30345593572521307,1.6594735586177993,1.2414422209375353,0.18131065450993922
LA,Jul,27.985744072317498,0.10501747479795982,0.8471314165054696,0.391413638593317,0.03044233630866655
LA,Jun,26.844870385675815,0.14755855777075594,1.4407680863057335,0.5062533187879611,0.0044280120936182055
LA,Mar,15.235328585037655,0.2635831085982634,1.9212758975912738,1.0152988987567073,0.058447638346123654
LA,May,23.457238554523386,0.15762063027463896,1.0202113501991208,0.6442718397928641,0.1133051104542353
LA,Nov,14.551399624898815,0.2391839164357328,0.535430136374225,1.0303240679214007,0.6032924984010877
LA,Oct,20.01322722551689,0.16372196485947735,1.7900464833498992,0.5897014440682941,0.002401267583924893
LA,Sep,25.339516329046255,0.1487879193588029,2.015063163394596,0.594088210309124,0.0006942027351863889
MA,Apr,7.388046078941927,0.16084298847865455,0.9826141635475023,0.6920595270280658,0.15565411341690316
MA,Aug,21.105096429512574,0.13916411514557941,2.578688784655241,0.5253647832477355,9.183286939773438e-07
MA,Dec,-0.5104592223639247,0.3574682262738211,2.3145237179391183,1.4365899736309562,0.10715282979930785
MA,Feb,-2.610006009929629,0.3462150666746945,1.5308806589023916,1.4578587462250951,0.2936774397356565
MA,Jan,-3.7660976023899897,0.3676247360657542,2.9315068507658895,1.207574452944671,0.015199127023095116
MA,Jul,21.78485103708838,0.17292798210578908,2.0417446529529673,0.6255817354072291,0.0010994673093900342
MA,Jun,18.45684051383195,0.1496992880302423,1.2686124732093922,0.5935487267299273,0.032570753330136704
MA,Mar,1.3789465486293349,0.2508676161170387,1.4197736671352754,1.0460900282247882,0.1747115123637304
MA,May,13.368549405380616,0.1913893464191691,1.0060500886618933,0.6602368099751892,0.12756578072737268
MA,Nov,4.998951618721645,0.2116517205148423,0.9203962834319703,0.9256003330271577,0.3200390452173787
MA,Oct,10.740530763947943,0.1805451665905714,2.5585786573005156,0.7227358393311639,0.00039993033549001744
MA,Sep,17.0555765000852,0.12564077631909853,2.650266639186779,0.44766116063721306,3.2144973349801376e-09
MD,Apr,11.623782898825514,0.18596093520765752,1.7436574966066931,0.8277336779795215,0.035157116517830156
MD,Aug,24.02851366485506,0.14830583412451764,1.9712101081819153,0.5382860961116025,0.00025024219858771346
MD,Dec,2.9432409359619873,0.35768545501058463,2.0223349199197593,1.3893322162849728,0.14549865981383947
MD,Feb,1.6367991251727416,0.3171440450411102,1.420716438147976,1.299446623129627,0.2742514817549677
MD,Jan,0.28629218867487705,0.3266208494863625,2.5846874154762274,1.1670449917327084,0.02677872830098682
MD,Jul,24.920302124066833,0.16645754986762173,1.6027275463495707,0.5363518253242203,0.002806241009321697
MD,Jun,22.114521945654754,0.13231691818345276,1.5495316962309025,0.48229761222741585,0.0013144216447209534
MD,Mar,5.777437048871687,0.2767540417523521,2.27291448970128,1.101912692255327,0.03914121072231658
MD,May,17.032990850288204,0.22336818417237206,1.5470770918829275,0.8778524753990599,0.07801137694831506
MD,Nov,7.971016841903626,0.24783353852094933,0.528084088230808,1.001098602149452,0.5978432433032188
MD,Oct,13.915662060457965,0.21127902225809841,2.202645816525287,0.9212413641758159,0.01680465362437733
MD,Sep,20.307045012265043,0.14040033778613226,2.190971773464807,0.558923449180433,8.855432466248203e-05
ME,Apr,3.976349935258897,0.1702555717777057,0.46613227840384114,0.7577140899920424,0.5384343514451762
ME,Aug,18.19288378954782,0.13208551446827685,1.951099983423306,0.5224107893941186,0.0001878641863064523
ME,Dec,-5.796864636542303,0.39666977499876327,3.038777200176694,1.5187039020890891,0.04540298571436718
ME,Feb,-8.163805592934237,0.3721189462862871,1.327719028334087,1.4793433253400332,0.36944914707058363
ME,Jan,-9.814866754731094,0.36491345712793183,3.8355493717140825,1.2232243560419578,0.001714995619951809
ME,Jul,18.859737002022893,0.1409581271909121,1.645512575493095,0.5558157416831284,0.003071041151677223
ME,Jun,15.879642157887384,0.1367801850063312,0.814970040951312,0.5805875422231813,0.16040855757564465
ME,Mar,-3.123791966164705,0.25957266352147523,0.9562090454842995,0.9782194227886506,0.32832190048359133
ME,May,10.820754636673636,0.18862579389572046,0.6807787571256337,0.6516535213768618,0.2961642532975235
ME,Nov,1.0470429279308084,0.23694585068870128,1.3162789287619225,0.9141782608365786,0.1499100397838864
ME,Oct,7.433767685275221,0.20031983580197354,2.4931871012293696,0.8274898362806674,0.0025871989316830213
ME,Sep,13.806195357248361,0.1485930612342182,2.636943106637405,0.595710682290989,9.575220582869193e-06
MI,Apr,5.632505450793428,0.24112804528259008,-0.12130116166155643,0.986816994207955,0.9021691506562834
MI,Aug,19.834755059382932,0.17962360955439627,1.896304067860362,0.707136793580006,0.0073256753926425056
MI,Dec,-3.421500395063514,0.37470067484853453,2.64051285106057,1.400308537374841,0.05934010709331994
MI,Feb,-5.8728430719662414,0.3926330942904039,0.2872861231131624,1.5750212480551928,0.855267706051396
MI,Jan,-6.756144958656594,0.3760933189667692,2.530270699993236,1.366808097257151,0.06413704539870735
MI,Jul,20.406081721320348,0.2056549405657138,1.5385806015429782,0.6559721814568502,0.019001745661030967
MI,Jun,17.459548860010777,0.18654198614887293,1.8169365996426887,0.6900703043135111,0.008464103220862773
MI,Mar,-0.8614087706557181,0.33726113994240275,1.5621855534727895,1.1853408530583798,0.18753010883303878
MI,May,12.133131370865755,0.24870290407784976,0.525998401413685,0.871543563313698,0.5461594342525915
MI,Nov,2.455853423119072,0.2839880010357802,1.8028343378867209,1.1423630228825605,0.114528312218529
MI,Oct,8.936148935405232,0.220149858503519,1.8316023786446967,0.9632133547747592,0.05722946330162615
MI,Sep,15.673804436232267,0.15025797606568886,2.8155690472871275,0.6001511687511344,2.7129800863612274e-06
MN,Apr,5.699281955440807,0.3051104430697287,-0.5245054217215979,1.1727112023622515,0.6546882004739631
MN,Aug,20.056158623200062,0.19254323749284583,1.3092573887248264,0.7652542991154155,0.08710348127496514
MN,Dec,-9.21351548833307,0.49271327788190233,4.021200783249027,1.7756308701298555,0.02353353194407304
MN,Feb,-9.732857609021375,0.5613171223696926,-1.5208530231660489,2.174943678496542,0.4843890122165848
MN,Jan,-12.245504679381517,0.46775246240250573,3.1561191838356843,1.8083919012163403,0.08093912732026554
MN,Jul,21.247032544840398,0.21151385346948676,1.9297632004097236,0.7436822595272865,0.009462506779801316
MN,Jun,18.501524382299117,0.2360585805052074,2.5576944654580958,0.781306143385906,0.001061816767685464
MN,Mar,-2.118533917368497,0.41740704177483573,1.758649013304144,1.4016825511749271,0.2095985891911618
MN,May,13.02825582252933,0.259374490663567,-0.5805930745092645,0.8824166904672146,0.5105651533628737
MN,Nov,-1.3300128157557347,0.4045807812358336,3.370605535033798,1.5246694438496373,0.027055764316312514
MN,Oct,7.107169004949838,0.28163682233790216,0.8108474349598687,1.1474490693575687,0.4797826272752721
MN,Sep,14.953929274856128,0.19413490719148807,3.4489881698964586,0.7303751057866426,2.3329004485983518e-06
MO,Apr,12.854825748902938,0.28090872905124664,1.1008954936757727,1.0532080553826264,0.2958943779566865
MO,Aug,25.030408372034373,0.2399205105668762,0.474978030419146,0.8637899697508872,0.5824039048202101
MO,Dec,0.9467682118088027,0.40907966536292384,3.1772095383494197,1.6489096795958795,0.05399772727625374
MO,Feb,1.151455817172531,0.4145243581822284,0.34818799878830825,1.7389133725156858,0.8412982886544751
MO,Jan,-0.9959732740221636,0.31835928613403836,2.1090967019872022,1.2980506939952738,0.10420125098799593
MO,Jul,25.894216834548022,0.21695502326221885,0.5971816621778094,0.6265910589510926,0.34055741748343493
MO,Jun,23.41336514592685,0.1710686850368812,2.3540090035072128,0.6777933173734257,0.0005145825289143424
MO,Mar,7.085674119887104,0.35129112953599134,1.8056802128756937,1.156873739819832,0.11856448444272294
MO,May,18.280066433272587,0.22807931597137734,0.9003555784700088,0.8296294713605381,0.2778108405628499
MO,Nov,6.873925607707722,0.3140272641260497,1.8294832859862105,1.1452100458069083,0.11015230656040553
MO,Oct,13.702899361662464,0.20515926557452288,0.8313615504306663,0.8850741804876304,0.3475701432999625
MO,Sep,20.566966353268604,0.19264202012915413,2.7715161851676333,0.75997688984111,0.0002654823137906437
MS,Apr,17.71701921027818,0.20655276104748793,1.1604130268388304,0.6916384994698875,0.09339124521654485
MS,Aug,27.171797487288313,0.16066137926749124,0.7272876853804383,0.5067768380797808,0.15125171927951309
MS,Dec,8.83185430446826,0.346546503894709,2.501589011490269,1.4460989930568775,0.08365032269570527
MS,Feb,9.479052827983276,0.3268554767827819,1.4418869367140172,1.434954185768815,0.3149780704089564
MS,Jan,7.251901798644998,0.34577612335478797,1.867535013414492,1.2892140580178957,0.14745375820156026
MS,Jul,27.425781690429485,0.128804293932346,0.5417943062075455,0.4681239588539422,0.24711975984352774
MS,Jun,26.105976420706334,0.15100615529646325,1.2059994469290336,0.525276824344502,0.021679815776978195
MS,Mar,13.646541831902281,0.27321403890772955,1.9964012280432466,1.0301862916656295,0.05263504334845992
MS,May,22.320250803903086,0.15058322726818063,0.8400320681760038,0.5844132975857592,0.15060612094305914
MS,Nov,12.78010356267224,0.2699994758559555,0.07957587671007545,1.118936789781314,0.9433043190005803
MS,Oct,18.562189029892238,0.19400361651298115,1.9041260699979135,0.7856865090866682,0.015370955255608942
MS,Sep,24.39590822026087,0.16618418335808446,2.12605075800281,0.7436202861992051,0.004249060790920245
MT,Apr,4.910129126055702,0.2725929426445454,-1.0006180464593848,0.9310003469604057,0.28247444236373265
MT,Aug,19.393750815350007,0.2403831765176629,1.3637676610145926,0.8778647218627244,0.12030241976135825
MT,Dec,-6.3884456603733195,0.38916515602729895,1.3356413339779833,1.605447552356158,0.40544094982942
MT,Feb,-5.2640875064335,0.5062155190096915,-1.061310074523786,2.5017241183863854,0.6713970195704544
MT,Jan,-6.467545310145145,0.3769600087143715,2.3456770837609056,1.54689895028455,0.12942485288360528
MT,Jul,20.121334020237924,0.27594704582443774,2.7564157545576125,1.2171728371768518,0.02353692671262575
MT,Jun,15.512963963654807,0.23465628349157713,0.7803139876770085,0.8653996358525026,0.3672266075980679
MT,Mar,-0.16642044209622955,0.34030092526075184,0.21156806634795572,1.3855046426543016,0.8786340027368744
MT,May,10.47233095799731,0.23690833455490767,-0.9011755611437148,0.8560447915979322,0.292469292345221
MT,Nov,-1.117367516381791,0.3824745681710124,2.4567891144979663,1.7430920070344234,0.15870416816707933
MT,Oct,6.1058990576791095,0.2735407764208773,0.000854670828270315,1.167120905917936,0.9994157172628468
MT,Sep,13.48827874773053,0.26409494365432995,3.2190333865424337,1.0470534525591604,0.0021094515972766015
NC,Apr,14.844832140392546,0.18770614736742552,1.696307025634866,0.7394265080656965,0.02178563505347597
NC,Aug,24.83352610651031,0.13729949630005728,1.5517941981476946,0.4507058715253643,0.0005752337939086694
NC,Dec,6.181533197028676,0.37249288390891355,2.458031939279874,1.4708504981773354,0.09468935096645081
NC,Feb,6.040607895275494,0.30150196199439133,1.4923226948553736,1.2478390628465108,0.23172558937835763
NC,Jan,4.208555747780941,0.29206935630670094,2.285559156575554,1.1075259012026228,0.03904977121637532
NC,Jul,25.7541634771515,0.12951517120570258,0.7977796127850546,0.5790915104666261,0.16831447297851998
NC,Jun,23.82484266610304,0.14142725709128104,1.0264983234193918,0.5614339759076487,0.06749690306937373
NC,Mar,9.885428492420782,0.2702470065819356,1.897882357839792,0.95990297941167,0.048023478782546425
NC,May,19.531517483475408,0.1903727432888019,1.454265976097493,0.7997277238476812,0.06899517277910738
NC,Nov,10.317140665521968,0.27311883757712835,-0.11215189764627871,1.1384148941769299,0.9215226959819462
NC,Oct,15.80307563220821,0.21228258339999614,2.0221974389929644,0.9332439541005418,0.030246475187656774
NC,Sep,21.617213737091152,0.15449593852816604,2.2215689322196233,0.621609983713545,0.00035170975618203926
ND,Apr,5.738652907304685,0.34711211052749047,-1.021099345927092,1.1716101941828954,0.38346207823410716
ND,Aug,20.642391274993642,0.22078785532792292,0.9563334648864985,0.8802520444122665,0.2772881737983832
ND,Dec,-8.973368250710088,0.5423039739602783,2.8949851761460668,1.8656382270818588,0.12072448430157978
ND,Feb,-8.797579397850985,0.573737245470112,-1.9382946371789747,2.5571269955771716,0.4484527679450452
ND,Jan,-11.052257004969,0.5451467891568809,3.2045764118097995,1.993274165296149,0.10790204885834598
ND,Jul,21.73678467674961,0.21394083305258713,1.8972219149890783,0.9130066862220649,0.03770996231112611
ND,Jun,18.448581028019284,0.2497904534119475,2.2067766796996597,0.8505317800100273,0.0094705296147779
ND,Mar,-1.7316736147509892,0.44521788138529284,0.5755195272177482,1.6707100154061287,0.7304883312969459
ND,May,12.92171364155018,0.2622760424620096,-1.1551555867317487,1.0087403658658483,0.25214844008162185
ND,Nov,-1.8499160041955398,0.4326069311782166,3.549409634515956,1.7073456765607136,0.037626073874061916
ND,Oct,6.65897513243903,0.26178165442576473,0.1749800715555524,1.0604473829807797,0.8689393406178274
ND,Sep,14.779464910517044,0.19705956668105065,3.3695471709900495,0.8391869671177171,5.938230476743023e-05
NE,Apr,9.181469317252267,0.2874675380228386,0.11942257034059728,0.9795365549866175,0.9029644187639883
NE,Aug,23.185718187039573,0.21844351123812458,0.8851056129238133,0.8668729228368443,0.3072389398220976
NE,Dec,-2.8880138967642033,0.3707659112927797,2.2355408587621697,1.4001746061176856,0.11035138117126553
NE,Feb,-1.969035915477642,0.4098102949915414,-0.8877425661978787,1.9015491200855303,0.6406055597924214
NE,Jan,-3.501725988621568,0.3263888135751392,1.984821826487873,1.255611609391702,0.11393270161876279
NE,Jul,24.44439691592742,0.21443066215023265,1.5238283182650962,0.7978193566177226,0.056134286996048166
NE,Jun,21.33430276571917,0.23840023666830756,2.8479773091594844,0.8180391934636712,0.0004986732841318897
NE,Mar,3.6352716831012075,0.35760833389972735,1.4350988894518961,1.25323178515979,0.25216007711443456
NE,May,15.228268655927835,0.22002132246584447,-0.8405881525332122,0.7846877603193199,0.2840619679022658
NE,Nov,2.85745993364701,0.3150104575913925,3.6254712995963745,1.3418556829811117,0.00689581824145602
NE,Oct,10.262076245917797,0.24658611734349556,0.32273254121311,1.0734905142028652,0.7636901961589722
NE,Sep,18.253409867392097,0.20257414076103442,3.316290826641757,0.7217521679353335,4.332106767535038e-06
NH,Apr,5.06418814946632,0.1852114806874423,0.6394530414364153,0.7949484913406363,0.421168561269603
NH,Aug,18.781152562791565,0.13054360076470992,2.3692985931667954,0.5326766905462363,8.670937840182802e-06
NH,Dec,-4.683864224720497,0.3942948033639579,2.7454742912831853,1.6623217779757573,0.09861812731343811
NH,Feb,-6.811177897910811,0.3687622559280492,1.61022842653133,1.5245567366565453,0.29087936712989193
NH,Jan,-8.325907086397049,0.39677528726304595,3.5072053837997306,1.4034590848843482,0.012455404473200149
NH,Jul,19.622813937418826,0.15815144797012792,1.9751107482800854,0.5688429418346284,0.0005162985413047494
NH,Jun,16.827753901461662,0.16103163051606229,1.1774207402126016,0.6736846718460636,0.08051032120719004
NH,Mar,-1.9564220719282839,0.2866382640860593,1.4636275579271032,1.125766495325671,0.19356105481707342
NH,May,11.777239315331913,0.220716671677776,0.9811056388898051,0.7579750755638992,0.1955351699352903
NH,Nov,1.6519377320769435,0.23501238203085387,0.9648570230255095,0.965192710839415,0.317478848853638
NH,Oct,7.807398481330341,0.19855877249146142,2.6094846338450948,0.8331337197608645,0.0017354193861365275
NH,Sep,14.427245500581195,0.13962121042162803,2.840899976073851,0.493648002657576,8.668781026344163e-09
NJ,Apr,10.253556000460824,0.19193639221294875,1.4796282167117751,0.7359323257130309,0.044373084684946384
NJ,Aug,23.311033503527163,0.14860040708804056,2.339723276780517,0.5885641691841554,7.028851847734607e-05
NJ,Dec,2.174836119725529,0.36672830146453433,2.2147278987429244,1.3925323231913715,0.11173747321947536
NJ,Feb,0.4848959396110277,0.3419322436842544,1.6055998774931073,1.294378984243108,0.2148125765609339
NJ,Jan,-0.768455599042635,0.35374856693827417,2.521374767421581,1.195589652767552,0.03495352120858897
NJ,Jul,24.14700089093296,0.16277690411292603,1.8801237519085203,0.4716274073571555,6.706645353093954e-05
NJ,Jun,20.997614861974505,0.1427038725914318,1.3243890584610223,0.4383739919414294,0.0025182516756647733
NJ,Mar,4.449163577937473,0.26171961640596475,1.8738345875426348,1.0632300668216317,0.07800206930123688
NJ,May,15.906330050263188,0.21211936077341356,1.0203285337426267,0.7294911643467834,0.1619073883963691
NJ,Nov,7.301221796192116,0.23066509144323097,0.8639263533091222,0.9477299486358934,0.3619928070462506
NJ,Oct,13.146269738636898,0.19768277307888338,2.528437918261785,0.8131701512392907,0.0018749375873623464
NJ,Sep,19.544348493381474,0.13440179836659663,2.473178251266425,0.49891823774475275,7.156004915298553e-07
NM,Apr,12.48649243331703,0.2197986420892092,1.5634122791938794,0.7421651036754556,0.035156092651360105
NM,Aug,22.94322936349814,0.15987397868464337,1.8354645066842725,0.6994443385138935,0.008685908551457677
NM,Dec,1.9820803765964643,0.2045797591636044,2.0354544778960033,0.7076716892662921,0.004024060089494297
NM,Feb,4.112757790355203,0.2140742313789813,0.6507122133016114,0.8897954921024931,0.46459265685605167
NM,Jan,1.8450174028747341,0.21093913082398769,1.091373646258272,0.6938876377844266,0.11575606659113857
NM,Jul,24.178209698213738,0.14604508508663716,2.025762055223639,0.5033056553762989,5.699610397713606e-05
NM,Jun,23.046453171543014,0.20084601286583548,2.9997582862586123,0.624828943069163,1.5793265653041288e-06
NM,Mar,8.050926286802452,0.19342598405822803,2.095953452701418,0.7078845701706312,0.0030677242922887427
NM,May,17.602963950720877,0.2486419888922255,1.2685794684857412,1.015683321902423,0.21166831503836958
NM,Nov,6.653356130839435,0.23636825333386144,2.871830036948187,0.9541209535018653,0.0026131443764014772
NM,Oct,13.272191204781162,0.1698147334204747,2.1649268024624693,0.7582478625655545,0.00430137528872776
NM,Sep,19.477982919201366,0.1577524549188006,2.5624216995145908,0.5622818747232142,5.184412026348895e-06
NV,Apr,9.064020120941752,0.27114969736684363,0.794539613636145,0.9971323975540705,0.42555291190565003
NV,Aug,23.650991664089126,0.15129875216708905,2.2720952405130794,0.5546941483286628,4.201274863069315e-05
NV,Dec,-0.8395475266325977,0.23895563437028824,0.5642305868080939,0.8349243641230825,0.4991762276548297
NV,Feb,1.1636309783278476,0.26882016101538686,0.8512189818572344,1.132415231249469,0.45224081118525294
NV,Jan,-0.8060546539548659,0.3157242942223538,1.7033577084639604,1.2459281198702779,0.17158154364366007
NV,Jul,24.77849551414293,0.1998316342985825,3.413796082471796,0.857801255741464,6.900079150073957e-05
NV,Jun,20.158490078377785,0.2866050170071742,2.693354819621878,1.0420916888251295,0.009750162203415291
NV,Mar,5.07668469220142,0.2658629426062293,1.2899683922372283,1.0046788218683547,0.19915561304835916
NV,May,14.181344316199118,0.28817261855761395,-0.04387270615307577,0.8755759902550079,0.960036921317875
NV,Nov,4.04717765152034,0.3048418905953508,2.81691618856398,1.133957668174159,0.01298626228420896
NV,Oct,11.357986832664366,0.2940185861184733,1.355764946724666,1.1119086603169024,0.22272532681266433
NV,Sep,18.681079108482084,0.19696473309431767,3.245711867932854,0.9751698175589837,0.0008736029756826191
NY,Apr,6.455492890616665,0.19875705124561735,0.5240114662747724,0.8865914885908036,0.5544932929287896
NY,Aug,19.90456028173303,0.15877634037876748,2.331778022458573,0.5734737423866245,4.7814853095795584e-05
NY,Dec,-2.579623861775079,0.3731006209124088,2.6010499783348946,1.4555470673762125,0.07393889114449248
NY,Feb,-4.877727555932701,0.35931150575372456,1.3923471894467707,1.4741446076901448,0.34490810111447634
NY,Jan,-5.9874293201777835,0.38911430392211005,2.6386853624093054,1.324327029732459,0.046319225105888595
NY,Jul,20.69561166962196,0.1626498617908735,1.904822050632261,0.5343417682517235,0.00036413240678290215
NY,Jun,17.92144789668043,0.15268565519339225,1.520334618794535,0.6043655758826287,0.011883410255039806
NY,Mar,-0.3427319679767602,0.30479491586662777,1.8429779862512596,1.2541422949020133,0.141693789149399
NY,May,13.077632826773828,0.23013183670581902,1.3570842633567066,0.8372215400614058,0.10503092215320975
NY,Nov,3.1645093938435904,0.2580377314840155,1.0711979705604158,1.011004301693159,0.2893546099926376
NY,Oct,9.246206904826932,0.21800002258938686,2.5237553565768396,0.8151849842733576,0.0019619690905432474
NY,Sep,15.794573114868465,0.14545322796658633,2.616459879547364,0.5365903397310711,1.082122266460317e-06
OH,Apr,10.291181227707133,0.22023982359567654,1.2439711382050838,0.997749475434268,0.21247926124096406
OH,Aug,22.580023371709874,0.17811559200470398,1.8448533462966057,0.6515556486847394,0.004633612013738242
OH,Dec,0.15328680839368922,0.39676083935987416,2.4926834274390384,1.6517897462459306,0.13127825371744484
OH,Feb,-0.9677091268852244,0.38164953988831135,0.7416557009488488,1.60645471427393,0.6443163121930611
OH,Jan,-2.4639368201469933,0.370628112207815,2.4466800101752324,1.3076221822713652,0.06133247800907071
OH,Jul,23.35082553860285,0.18183047871805394,1.1596007552155836,0.5981394171275708,0.05254035008297997
OH,Jun,21.05660343900585,0.15128836084829356,1.709208757705021,0.5956124798256391,0.0041090585635787935
OH,Mar,4.053256369796443,0.33370520441890517,2.4102170109834367,1.1974621818216904,0.04413873859325945
OH,May,16.197561350795457,0.2764139760780416,1.6960816454177208,1.0139847851400436,0.09438844858685491
OH,Nov,5.600098549301995,0.27353740865321,0.5590847362006341,1.1284930170139418,0.6202994737802143
OH,Oct,11.923291496094174,0.23987006744130734,1.867925273230789,0.9509242642749115,0.049492296322340534
OH,Sep,18.622586088787052,0.1584051181144777,2.69824454902315,0.6465197245695842,2.9996691030431677e-05
OK,Apr,15.470001794722533,0.24664557671332343,0.7899267681474373,0.866229390084112,0.36181395458069865
OK,Aug,27.77777432523486,0.2504790875273619,0.1969514276738376,0.8953204561738546,0.8258877453943168
OK,Dec,4.005470233757151,0.30989031511377735,2.4786951336911685,1.2940917022234424,0.055442310041529996
OK,Feb,5.16653477810334,0.3457193410259836,0.06566619846550004,1.5868044002063297,0.9669908305002415
OK,Jan,3.0176028362978724,0.24529406293493167,1.9655583731319204,0.9202601258128131,0.032689800785858925
OK,Jul,28.288678507534023,0.23766724477779186,0.8474964212879975,0.7147972367405984,0.2357621631027027
OK,Jun,25.522309079667046,0.21614436602881879,2.365536193632275,0.7885678031078007,0.0027016762068670097
OK,Mar,10.483059662851392,0.27000266349025687,1.763477418382862,1.0202621747577083,0.08390665386752061
OK,May,20.534438875827657,0.20157329220249173,0.5323031920805043,0.8085613523116999,0.5103237235272262
OK,Nov,9.51430288134675,0.2733672120515808,2.32081925635666,1.014073848040838,0.022102039161533193
OK,Oct,16.38976118170142,0.19083974092579056,0.9232144305369537,0.876442119896681,0.2921732281402709
OK,Sep,23.287499806615955,0.22853464983726676,2.4414154820865495,0.8284161951466407,0.0032078183256614157
OR,Apr,6.888664275783018,0.24665998382507798,0.5447866198682544,0.9468431516220517,0.565040035097838
OR,Aug,19.22505636202558,0.15339905265390205,2.5217066732565008,0.577242114758121,1.2507851624210531e-05
OR,Dec,-0.6138885189157074,0.22734956591118693,0.8950651894549433,0.9732766525410202,0.35776035325701727
OR,Feb,1.1665337301017882,0.2604549129989077,1.076411272783278,1.2160774939093333,0.3760756115611239
OR,Jan,-0.2467556336674253,0.26233506974004683,2.0655410936099106,1.1132520072284364,0.0635374201592902
OR,Jul,19.46292177895509,0.22650677333462949,3.4712227294058438,1.030857297093432,0.0007590353645510195
OR,Jun,14.958678336117488,0.22061086851668452,1.701267086850699,0.9403150787866097,0.07041183764280712
OR,Mar,4.0287952834778125,0.21887624463503122,0.7393231850288191,0.8823250550284297,0.40207221380872316
OR,May,11.01750098000205,0.22621034024774128,0.9186663270943869,0.7698924286404883,0.23277545145203482
OR,Nov,3.1590167918613137,0.242679480908753,2.0738902050339534,1.1211930072370098,0.06435429249147395
OR,Oct,9.251689471090199,0.2423909038147581,0.7938814857101139,0.992822707956353,0.42393065064599544
OR,Sep,15.174379821773858,0.2087028895900308,2.636836296003741,0.907882329223317,0.0036797991889279125
PA,Apr,8.656082222980961,0.19441535978121222,1.240441533113448,0.8922545599418328,0.1644582038795459
PA,Aug,21.234497605387762,0.17282616074534313,2.2601179958784807,0.6521966106765827,0.0005294558753081713
PA,Dec,-0.7647367511137382,0.392808232855845,2.3943994676603815,1.4999461913419945,0.11041656909380371
PA,Feb,-2.2576022715404713,0.3487949509949505,1.2603815065205424,1.4229631804075649,0.3757553381476686
PA,Jan,-3.57923019523761,0.36048480943185157,2.620179279350203,1.287411474331048,0.04182767138088961
PA,Jul,22.068299185613977,0.18204100669025686,1.9586958625117186,0.6052458217160994,0.0012113294666833418
PA,Jun,19.43890727576326,0.14821139036985576,1.7031405144578062,0.5372813909643491,0.0015247946002006074
PA,Mar,2.232406874522897,0.31915574778800054,2.2906472549979555,1.1825168408169675,0.052733752878008744
PA,May,14.643646226314049,0.24690617431780673,1.6434176531734406,0.8878390174095474,0.0641650758193879
PA,Nov,4.510170360451985,0.26723158169999117,0.9655195852524012,1.0226044245533528,0.34507920270789816
PA,Oct,10.557592633528076,0.21543485877872948,2.410232033892487,0.8853564123907542,0.006482343939548496
PA,Sep,17.169159920618302,0.1348635534300795,2.748554733835601,0.5153375034141585,9.633533926134419e-08
RI,Apr,7.701471521462121,0.13534591852625052,0.9145104367765481,0.5471992567484533,0.09467098053636724
RI,Aug,21.663179354409642,0.11047562441217282,2.676346677993401,0.4383945308117913,1.0287695140220876e-09
RI,Dec,3.1486190774960767,0.31058462318550156,1.9770483971655601,1.2303148256270229,0.10806640883465968
RI,Feb,0.31039619535683094,0.26998455265161003,1.4388911493358119,1.1111986821537028,0.19535473601735598
RI,Jan,-0.14102089761823847,0.31652237175955344,2.461882583545392,0.9770167862144398,0.011742300451888399
RI,Jul,21.682748588807527,0.13945936805825246,2.02150315006988,0.4570531081434284,9.738190481112241e-06
RI,Jun,17.89816473812135,0.12534591449695484,1.068305414699837,0.4700526774234064,0.02304212298726327
RI,Mar,3.011599077566481,0.2166495944000419,1.3182590655832314,0.8869062782093607,0.13718480347006645
RI,May,12.764892219498329,0.13166342841369444,0.814361951995065,0.45005107095035124,0.07037524355664027
RI,Nov,8.082698997027148,0.1922879646476701,1.140905526747251,0.7009963901347255,0.10362068595013141
RI,Oct,13.305347788431083,0.14609727036165743,2.405907320869691,0.6032601647150059,6.658344133603222e-05
RI,Sep,18.51991942848043,0.1023242259029881,2.4448881164940186,0.39635806471284835,6.899212312561076e-10
SC,Apr,16.950245785897085,0.2008368652750205,1.8193640161130589,0.6894471648990625,0.008318195562204034
SC,Aug,26.29581148732888,0.14503399197961878,1.4492787915166836,0.4793061727616929,0.0024970268340842594
SC,Dec,8.296707508445788,0.35050260454762594,2.976653032937422,1.462051085314123,0.04175605454380782
SC,Feb,8.631399107501085,0.28757084023570595,1.712273650590227,1.2134578417424406,0.15822404916916577
SC,Jan,6.6296950156745345,0.3078481493803617,2.6272695875294114,1.1395297943160703,0.02113448076915736
SC,Jul,27.168564906630227,0.14963535132849204,0.7562504287916859,0.649019448316913,0.2439299599291438
SC,Jun,25.538411544577876,0.16780885746617677,1.0919412106959403,0.5936170808542219,0.06584598771774175
SC,Mar,12.416663148908606,0.2474605782677335,1.9890382807296612,0.8792932582324227,0.02369199827625157
SC,May,21.652113927052614,0.1726139938797455,1.5704487158400648,0.7294953167203126,0.031335348848735345
SC,Nov,12.274709227579821,0.25904155904330195,-0.019876497432801853,1.1570887036230475,0.986294593971569
SC,Oct,17.641904945255916,0.21270932539077383,2.2118343582857287,1.0316032965962216,0.032026915110312526
SC,Sep,23.270009799197577,0.14949666720633345,2.253171542452993,0.6114837819543064,0.00022891741595576498
SD,Apr,7.621656578393421,0.32187033180985136,-0.5302236041131924,1.1357212899801363,0.6405995646355436
SD,Aug,22.567253688506213,0.22453449057737562,0.7055409548159182,0.9133143918831901,0.4398147251358262
SD,Dec,-5.294563844611873,0.4453144721722575,2.2453096709128504,1.768848853569282,0.2043119520031098
SD,Feb,-4.631983890516038,0.5221992152099275,-1.5865762162296673,2.267241419307243,0.48406304945233014
SD,Jan,-6.345994559370423,0.3926707486602863,1.938956990162797,1.6023901959833033,0.22626336307956274
SD,Jul,23.869387037157633,0.26004971652732456,1.9849239546763988,0.9364159808297149,0.03403108264955934
SD,Jun,20.221450206718618,0.26483160767471614,2.6985887200014016,0.8938288061008226,0.0025349858635841382
SD,Mar,1.3585354252223374,0.3821773252849845,1.021097407229653,1.4267540600953106,0.47418980216395035
SD,May,14.260329496511924,0.24691716758226226,-1.1052184733365502,1.0046437344923411,0.2712842603712309
SD,Nov,0.9053106648920743,0.36762045028891555,3.504639816537805,1.5879726694077054,0.02731475732748989
SD,Oct,8.833808772277937,0.2877847954921465,0.022349395728881626,1.1221748912140932,0.9841102673590558
SD,Sep,17.089728457952276,0.21528685544712137,3.3841616121423077,0.7997612437348685,2.3217425420885007e-05
TN,Apr,14.370574847462597,0.2298391014113528,1.5984799995000722,0.9357681887679087,0.08759908403283867
TN,Aug,25.06139596738611,0.19362499225029775,1.03980533050168,0.6032236681111711,0.0847534237791292
TN,Dec,4.5927660056160144,0.3664092405885159,2.8019370935915284,1.6715282144878576,0.0936847920449504
TN,Feb,4.8178101746795745,0.3398022930027024,1.5348969770323224,1.4505307762159216,0.28998145724254076
TN,Jan,2.638887216253054,0.3071951196641636,2.5766040130794248,1.394907141511981,0.06472526996955019
TN,Jul,25.577298809349617,0.1446695632015387,0.7268713345151812,0.5747229159167699,0.20596687089350674
TN,Jun,23.64878429890329,0.15206583318842645,1.6213417014697051,0.566014852981709,0.0041768643303286
TN,Mar,9.402753705749266,0.2885365939852269,2.1748406901063557,1.06057460245338,0.04030348940860451
TN,May,19.28226226054186,0.20546890500337459,1.628075748180175,0.8178309512279536,0.04651123254553591
TN,Nov,9.133448956084338,0.28976042906790855,0.27111417698084583,1.146964148482602,0.8131413376160366
TN,Oct,15.184802500897371,0.22730029097255647,1.7923030381944804,0.9640524079049378,0.06300808399594438
TN,Sep,21.512950324604045,0.18569887102015048,2.576805855379925,0.8221346308236702,0.0017227229373757424
TX,Apr,19.147469108263238,0.21509715423385636,1.0580493159265167,0.6177829981257268,0.08677597620139244
TX,Aug,28.447977080491036,0.16092019298215185,1.0759303624948788,0.6029901238829453,0.07437086757739131
TX,Dec,9.02095597709456,0.2763423580095289,2.309486493598629,1.1726094686510182,0.04889255779602397
TX,Feb,10.408700860192203,0.29800790543857414,0.3461665729210433,1.2027582877343654,0.7734917302505919
TX,Jan,8.224883111120112,0.23657569709716403,1.5773620150380963,0.97269785437703,0.10488127504353106
TX,Jul,28.60538297243644,0.17079993535176277,1.2041413737328381,0.5534290090418855,0.029571497989176576
TX,Jun,27.26280696819815,0.18504565636677572,2.027347009133875,0.641320397228904,0.001571163953421495
TX,Mar,14.778598459137863,0.23481017608252386,1.6949436896376875,0.863426800521495,0.04964121106858621
TX,May,23.5140234391077,0.18970622298188677,1.1382541445889771,0.7700460279579104,0.13936394699816002
TX,Nov,13.526665332027024,0.2301291247369186,1.816469109232141,0.9441514240974493,0.05436497022505482
TX,Oct,19.64438790866318,0.1217793341367781,1.4061484416194583,0.5196119030475297,0.006806802006327217
TX,Sep,25.018019362435293,0.16850632503107604,1.6518323710033251,0.6875385085561131,0.01628206802637777
UT,Apr,8.006797770015734,0.25599098820768196,0.9352865905234213,0.8919889979444571,0.294389652587705
UT,Aug,22.558812184271655,0.15568628897958176,1.8977275338533293,0.6400197101565888,0.003025767300520288
UT,Dec,-2.8840500929628727,0.24947446321716682,1.0108405365720032,0.8257786092332133,0.22091224915189622
UT,Feb,-0.8198009002249812,0.2615882228176944,1.2356733840626795,1.1766993653849256,0.29366378583801334
UT,Jan,-3.1169805403186666,0.31447666814005454,1.7527997381937026,1.1040461294764243,0.11237351800328921
UT,Jul,23.909724138521625,0.1718703028387456,3.353576474775794,0.7193921784065632,3.1363785775173625e-06
UT,Jun,19.78743233687949,0.2575576686300391,2.8990400879606137,1.017201354406611,0.004371703625715595
UT,Mar,3.781229440432188,0.23671274307548631,1.7591764363511324,0.8868916923272705,0.047308239617847914
UT,May,13.386791649596242,0.2546059492297686,0.483388052272078,0.9569037756837472,0.6134475331715605
UT,Nov,2.360731468564457,0.2868286676812399,2.985606165791971,1.067317836389394,0.00515319618333443
UT,Oct,9.70948194875805,0.2585702640340092,1.4607024308171213,1.1312624612684399,0.19662932764225838
UT,Sep,17.372719784087305,0.17969258902205357,3.292799414928696,0.8219141176813495,6.168845475373885e-05
VA,Apr,12.829129475684741,0.1913727235822399,1.6338165497431365,0.8577156960537642,0.05680005645305175
VA,Aug,23.863404198100362,0.15884234119917653,1.8244491801580074,0.5476578308292722,0.0008642061061474582
VA,Dec,3.3302749774841915,0.3944670077514509,2.4974184043692857,1.5041191372292635,0.09683681850578152
VA,Feb,2.8989960055571884,0.33147778845372566,1.5905408479928391,1.3051507514039897,0.2229715687850835
VA,Jan,1.111361040649209,0.3203395305671637,2.4709949704846212,1.1753221482695808,0.03551842352342405
VA,Jul,24.857347210984,0.1584570016429181,1.187615936889355,0.5662359777144483,0.0359593374554239
VA,Jun,22.519918414386265,0.14012064180078776,1.072011789665332,0.524054403319102,0.0407945949063695
VA,Mar,7.157586283691445,0.2854268573086967,2.1350699629739465,1.094252517421332,0.05103712217443945
VA,May,17.808521852819265,0.21852703515926253,1.4248301446955993,0.9775844133785778,0.144978168084553
VA,Nov,7.927093161098158,0.25912999891486643,0.11934443427770773,1.0965800793653335,0.9133347071076583
VA,Oct,13.743033277879723,0.2287966620693337,2.05314971200947,1.0035381403614752,0.0407651287019295
VA,Sep,20.113831949796868,0.16669789215735317,2.43833769790295,0.6909095271582572,0.0004168640597310702
VT,Apr,5.212242822028926,0.2004116598370226,0.3658297153770693,0.811608259002132,0.6521721459168379
VT,Aug,18.692471014895887,0.13845896854540335,2.376657111030093,0.5711368140244669,3.164762788077091e-05
VT,Dec,-5.091385424213155,0.40736207533869695,3.319682616471131,1.7208584159975562,0.05372027772920451
VT,Feb,-7.3119083507802065,0.37118682849742896,1.711039760717312,1.5485716753035883,0.2691965094173554
VT,Jan,-8.90784835349004,0.39827477267155537,3.5540353263161624,1.4426675248082965,0.013758154288087132
VT,Jul,19.613907259067464,0.15471826110592357,1.9004801304885575,0.596457210754627,0.0014411467203832018
VT,Jun,17.0514903747366,0.15226523732020336,1.2689489077726217,0.663566594820512,0.055835695792560536
VT,Mar,-2.2105330170169,0.33296990698624107,1.7744997081945832,1.2289202474588847,0.14875296794915305
VT,May,12.185230099991104,0.2194870933055011,1.081159926156909,0.8067300848325686,0.1801882821817622
VT,Nov,1.3771778521081885,0.2366114948623462,0.9888507206966817,1.013065434464307,0.3290161096481736
VT,Oct,7.633004712115644,0.21585154230983292,2.668594168231306,0.8064438442742314,0.000936001967944744
VT,Sep,14.333178314469386,0.14748835795095352,2.8397091041526616,0.5824622185645096,1.0861388333172073e-06
WA,Apr,6.884052079947536,0.20336283246618628,0.8364769761951,0.8516403819535782,0.326003760740321
WA,Aug,18.4917735096592,0.15405226394355456,2.245662820722955,0.5987952262990982,0.0001766218573313605
WA,Dec,-1.6973922103284163,0.25468112209119725,1.54888703314155,1.1225606404182717,0.1676543065642191
WA,Feb,0.2035901287835173,0.3008297512241644,0.794685652972448,1.3887860527200986,0.5671756233345902
WA,Jan,-1.1621466278327086,0.27162462788459096,2.1150876779658283,1.1576928174718537,0.06770199022492074
WA,Jul,18.516409780066297,0.2121220634507477,2.8822037222381147,1.0146648857742717,0.004503617686681949
WA,Jun,14.73985927310913,0.22110723579955488,1.2266758999443412,1.010110096654256,0.22459569611439134
WA,Mar,3.5134691962433915,0.21845574517037566,0.3271565781453475,0.8695189433931587,0.7067309823003587
WA,May,11.312871783433044,0.2050442933719031,1.7225611398671754,0.9050156832977613,0.05699495705102664
WA,Nov,2.304812622677269,0.25932396020111037,2.2589433053591863,1.2571208047389055,0.07234860030537016
WA,Oct,8.326326735505821,0.21734191395762997,0.7523695925362057,0.8883728119762944,0.39704668471030735
WA,Sep,14.428268466070396,0.1977551779182548,2.0419111133027394,0.8413513650851573,0.015226682493366006
WI,Apr,6.1495557386522846,0.2625224508832795,-0.2810778020631144,1.082997522417945,0.7952210275731697
WI,Aug,20.106365663205835,0.193393304169788,1.1617607002303463,0.7605277805155691,0.1266189173413903
WI,Dec,-6.403458095952139,0.4634999496499362,3.733497568940322,1.6861137993842077,0.026810766945315256
WI,Feb,-7.380447933541988,0.49448628613982537,-0.6366037255648526,1.8649555001904332,0.7328396407392854
WI,Jan,-9.49332302409189,0.470327954921923,2.8943784045742333,1.6360645082589913,0.07687548654142651
WI,Jul,21.198234767767854,0.21227809801041359,1.3396125456903465,0.6521342855800369,0.039956591174707734
WI,Jun,18.44190773791006,0.19910706558339605,1.8752842748100909,0.724534413987104,0.009646181877563942
WI,Mar,-0.779848051431077,0.3738231657690463,1.788445655903948,1.2830813922079014,0.16335757220422775
WI,May,13.035819997115437,0.2550270929368509,-0.08082701031816232,0.9066965479003156,0.9289670723452996
WI,Nov,0.7718712311577115,0.3465105632582843,2.689673177890817,1.2777623516745313,0.035292437067524274
WI,Oct,8.278873025002474,0.2432589546778605,1.1303108280233314,1.0716896747055407,0.29156266786372953
WI,Sep,15.520758068789915,0.16655531612430696,2.821036854927344,0.6969478183625142,5.17230099350563e-05
WV,Apr,10.881876181797532,0.2102301020853247,1.5155346697515786,0.9816966032023272,0.12263890100120456
WV,Aug,21.866328457743794,0.16582897236720792,1.6978769064000963,0.5807861849255878,0.00346218831906131
WV,Dec,1.3228874387213778,0.4147395242082036,2.2401779778264124,1.7037984623537217,0.1885724396169972
WV,Feb,0.6014921657269052,0.368309207678818,1.3441335856160963,1.4209081822962022,0.344164938818345
WV,Jan,-1.0949453604521149,0.33744798305341206,2.1705057779622843,1.3573102927972267,0.10979332899314631
WV,Jul,22.551690095193283,0.17270752759141175,0.9387476939829754,0.5673434547541185,0.09799807401242244
WV,Jun,20.3809763697493,0.12668724304649415,1.1587727621294281,0.5039499141489523,0.02148332463145075
WV,Mar,5.0699485441999395,0.30926058797944345,2.222464991492316,1.1696935880378172,0.05742782720952633
WV,May,15.969541281537518,0.24691484534322536,1.6895236335873904,1.0817055073112891,0.1183098491517598
WV,Nov,6.039793324826162,0.3009791723100525,0.1053505883169194,1.140072074652732,0.9263747141888052
WV,Oct,11.88043513157443,0.23242680226495563,1.8775788568840706,1.0645713601507212,0.07778339531940204
WV,Sep,18.207007375234426,0.16766096262670876,2.7004491337800864,0.7273559113663772,0.00020506564913436165
WY,Apr,3.806263311850718,0.2575445770073905,-0.41636994263530075,0.9023505499134578,0.6444914609543866
WY,Aug,19.00506050726447,0.19513369460587945,0.9941322544865382,0.6929792134692814,0.15140758478801564
WY,Dec,-6.478583328203809,0.29133876862374447,1.12216994249907,0.9928318284056052,0.258361660489308
WY,Feb,-5.2722686958222,0.33658542600131264,-0.05629474305169811,1.4111496193759838,0.9681785723678329
WY,Jan,-6.442125232203882,0.26771806582359425,1.986177275846782,0.9529877802989088,0.037145781533390876
WY,Jul,20.05611763762051,0.2256112935485389,2.8370976977789204,0.9242723594961259,0.002143834768386421
WY,Jun,15.421264937314689,0.2875654471392746,1.842149341571024,0.9593954533807945,0.054843409146599686
WY,Mar,-0.4459501408438057,0.2612203699885476,0.7776729800353694,0.9729750113389423,0.4241319382337898
WY,May,9.236349002551433,0.2341857087852652,-0.9564190717310375,0.8161154536582319,0.24123062825173935
WY,Nov,-1.4128531740214503,0.3068391347498008,3.1329461153475484,1.1127732124244072,0.004871050507065933
WY,Oct,5.608916104556621,0.2761501088508682,0.4937878881279256,1.2019581813173963,0.6812048757199749
WY,Sep,13.354906963048427,0.20454846852263556,3.5319235660696204,0.8177811281899139,1.5680129320072567e-05
