Region,Month,Slope_5th,Slope_50th,Slope_95th,Intercept_5th,Intercept_50th,Intercept_95th
AK,Apr,1.7545811780909353,4.080918018563164,6.116840826661136,-6.050338838226442,-5.519848092235275,-5.011245070422322
AK,Aug,0.42802221283732217,1.2251008538763042,2.086567309254438,9.31983293999408,9.609002003109186,9.856170491328811
AK,Dec,-1.4920686019607377,1.3206225410355596,4.372733610570403,-16.842081247037445,-16.161461724719686,-15.494804056981984
AK,Feb,0.17281930473473592,3.3913566462297906,6.823846710061372,-17.009418233226786,-16.176352800737263,-15.210966120126812
AK,Jan,-2.576627503469071,1.3757713395150177,5.248116344395193,-18.982528255564198,-18.011471698793372,-16.96542028359702
AK,Jul,0.025689384120263017,0.8320859876783654,1.6795829765420152,11.7395970441211,11.951084316293262,12.19661620515691
AK,Jun,0.9206980167467397,1.6302453880483798,2.464793395936942,9.671446269920908,9.902278834738215,10.133010128871978
AK,Mar,-2.3762546439576293,0.9697582339294473,3.4499240673118297,-13.89978477317678,-13.25568892706174,-12.622939764917977
AK,May,2.3631086509528325,3.6756476090299044,4.896111403108138,2.826047460769866,3.213917910391182,3.597360103726264
AK,Nov,1.4959593235973747,3.662365174432531,5.9176705300443775,-13.925333234914506,-13.229827374330215,-12.560978982145715
AK,Oct,4.547075421580363,6.033315505780711,7.6605544130244985,-5.036645557094074,-4.577242751128377,-4.100691390391157
AK,Sep,1.114417814489305,2.5656274856023016,4.163862807939478,3.801349027620747,4.186566752677574,4.5435115652964075
AL,Apr,0.5438569653089411,1.5821503691094623,2.7398977925153463,16.865100973315723,17.20345486788525,17.561639251198052
AL,Aug,0.2978430303457764,1.0476051638461894,1.7060306360187205,26.397307900772486,26.656190374231134,26.924805340063365
AL,Dec,0.28538149563819043,2.6806786049671647,5.3377934309663,8.03525560292623,8.61727803428193,9.132501352922384
AL,Feb,-0.6128130093857923,1.6463700973873858,3.6237331310755465,8.795156437912782,9.26616947847939,9.722244334192444
AL,Jan,0.08137241708600858,2.11660433505687,4.048138375001706,6.506489786079883,7.071530904168595,7.536299117265523
AL,Jul,-0.2457621562281964,0.702918358783049,1.5448127401098017,26.802037069487326,27.019286971855784,27.23204132349326
AL,Jun,0.42507272080720726,1.205789206186697,2.0937547699218486,25.404717125092475,25.64143807260757,25.8939894642598
AL,Mar,0.5082698380965212,2.153890758694979,3.7608730946113735,12.818962443706791,13.238580871551239,13.647595505234435
AL,May,0.3622081952738689,1.3189190832339404,2.4061213779435304,21.612744309640785,21.869853414957092,22.141170060041432
AL,Nov,-1.744985174082673,0.2449930573149704,1.994044022424398,12.062108834577257,12.502950379052388,12.991363203116553
AL,Oct,0.42365855449066886,2.090893592907632,3.585847089423582,17.74656482916395,18.152736965811673,18.471489652637654
AL,Sep,1.0160473534606091,2.1731811715138214,3.418377657995012,23.619059037749235,23.875752313291848,24.168631368281172
AR,Apr,-0.6253984925799386,0.9101674381654095,2.185287866688593,15.589263754442506,16.009199219788506,16.463870092677755
AR,Aug,-0.9198685655335568,0.3855643584818404,1.7654306726510949,26.76808660535314,27.165026890140467,27.567410803118552
AR,Dec,0.31249801460794274,2.6896692872948886,5.361774063282466,5.055255294375358,5.588371782371678,6.154754835176423
AR,Feb,-2.1807041856495406,0.5975940396488747,2.733117942397199,5.713960655776483,6.319702152989047,6.851961696394385
AR,Jan,0.7109107690416143,2.4410025274066447,4.425975801085698,3.568132976420535,4.0668776035296315,4.512447821186125
AR,Jul,-0.4573386143676312,0.555593001002133,1.8209455002565007,27.290991742763605,27.60642950086693,27.930123575992933
AR,Jun,0.617841981808968,1.6609648994783757,2.85060618722489,25.109152769901552,25.382956808614676,25.671254804230045
AR,Mar,0.06368885597386814,1.693803172577503,3.27276194858787,10.754205722578995,11.180839362658059,11.649182776416886
AR,May,-0.29606112502495563,0.7874390346246833,1.9366733414161932,20.51271669237222,20.805749194576045,21.123270819290525
AR,Nov,-0.6155073880815561,1.032380123590456,2.8069221971561866,10.069870022113845,10.49054031650206,10.918980294191089
AR,Oct,0.08329965247377565,1.2948525410933902,2.5887075162293143,16.512879769254845,16.79541431373535,17.116973644391333
AR,Sep,1.197844877026459,2.4795275024815124,3.6217595006900196,22.94900881569793,23.24285654808805,23.60236182643662
AZ,Apr,-0.064319433022214,1.3305690111799386,2.6847087974655808,14.905881826826967,15.275611725718123,15.748426528476742
AZ,Aug,0.6947242253255147,1.667400634655898,2.896452608980829,26.58527754554689,26.82003595532374,27.080500256057697
AZ,Dec,0.3195730627210063,1.4388960217289093,2.447679464965255,5.207829549746013,5.606391092985493,5.962322586073971
AZ,Feb,-0.5592645362452822,0.982574809598904,2.3924047208209736,7.260145745094507,7.660897180411485,8.024559013096118
AZ,Jan,-0.046886529572377385,1.2004421484713967,2.5785866969815134,5.366079761507044,5.726107575751531,6.08249410193095
AZ,Jul,1.2628542034210144,2.0973545590438736,2.803032473145727,27.700023445888363,27.88718851974159,28.09556830772402
AZ,Jun,1.5248394895143202,2.6321316241730726,3.654801866086313,25.643335963500903,26.009462487943267,26.32044116859565
AZ,Mar,0.6709390191697886,2.017557583886548,3.397873268235818,10.701476827359235,11.102711776195349,11.519209026679826
AZ,May,-1.4778720549581332,0.42959896146172294,2.2835543939106526,19.756025082954842,20.21549338706497,20.648749055709168
AZ,Nov,1.7040176128608426,3.316056199420475,4.677952629461246,10.077373585917027,10.466657457667788,10.868788305332723
AZ,Oct,0.7623709066393753,2.194272178948239,3.51051406075166,16.815709980891068,17.160383091899632,17.510951209939545
AZ,Sep,1.0704190953667982,2.2503107175649344,3.3865072849619686,23.388142211000574,23.656608529423593,23.910550988526058
CA,Apr,-0.5339174570601751,0.8831736755527111,2.2073370287215837,11.965665424057997,12.370847529475526,12.746828224639973
CA,Aug,1.1372200786382356,2.0549963814037078,2.8149754884129963,23.86446873146233,24.09573578491767,24.314330186148986
CA,Dec,-0.028907388671947077,0.9005148151873906,1.8822487499302532,5.5657374705085,5.853292810684971,6.155084276839913
CA,Feb,-0.4057688882363307,1.1182972623002796,2.568470733171479,7.020922707507404,7.383792705304035,7.749510011449399
CA,Jan,0.4922317931826425,1.7266930142199985,3.123450571613689,5.7994305875239185,6.147522548587999,6.504741434125932
CA,Jul,1.359474541514109,2.3975067145940896,3.4909581279876223,24.257916878829022,24.527239088974603,24.775613958540696
CA,Jun,0.8729617401900771,2.1185409418497545,3.350791834591131,20.585445534672637,21.00673061325314,21.384140011725858
CA,Mar,-0.4722337142238357,1.0716817217977999,2.5109355544550875,9.162389129751784,9.55197024553885,9.954383964662057
CA,May,-1.3488053389529056,0.24120047942785083,1.449073465490447,15.955700538631692,16.385352855268803,16.84911577905816
CA,Nov,0.8239276404576122,2.211485267358894,3.536249673243686,9.344746575182587,9.701234223481073,10.081396745053569
CA,Oct,0.08199361725637837,1.5617587616097008,2.950591033412241,15.412300805203124,15.775419881239541,16.15401587700407
CA,Sep,1.0213803364588012,2.372125626085761,3.6798977179061936,20.860387083602856,21.149234163312936,21.40827870690056
CO,Apr,-0.25792175455868893,1.011333525411394,2.3553307280894806,5.546113115297614,5.963091635487809,6.358578292736978
CO,Aug,0.4361039084084705,1.4462129957084762,2.3869125399545266,19.186747943672565,19.41888138627401,19.65382565272932
CO,Dec,-0.16462621702844615,1.2185633543483472,2.6119425829761904,-4.529058044212316,-4.1656857655985675,-3.7778338125163833
CO,Feb,-1.5932159056532536,0.1724718811482682,1.7821755556541694,-3.1859338506046386,-2.7666644996657634,-2.3431358558948516
CO,Jan,0.2419989214636894,1.6932261105981201,2.971404472129605,-4.733786840731882,-4.347439677256029,-4.0003652859083845
CO,Jul,1.4588953045531705,2.1306356006074902,2.866894967648842,20.3688083808452,20.587755215430427,20.7949724874918
CO,Jun,1.6692624241838832,2.846102447090016,3.9418986469109014,17.23631323489721,17.56266366009791,17.974252362537122
CO,Mar,0.2642494570346202,1.5929377952935528,3.0114793199311936,1.3166172575430328,1.6773827477071306,2.0773538962815237
CO,May,-1.1338590461888354,0.23374322043570905,1.6038352874249042,10.887929151277191,11.256481581976708,11.610718768295616
CO,Nov,1.2979665722140281,3.284791913937104,4.931302096619566,0.32664609619184476,0.8004475207621771,1.2289828672272687
CO,Oct,-0.28075223913716807,1.4581618811494867,3.116254850042859,7.397718903487296,7.750182073083911,8.108637048164558
CO,Sep,2.528826726658777,3.4848491997634445,4.536425021085041,14.783099486567957,15.048530434463085,15.327145276700016
CT,Apr,-0.28294417420916246,0.8695430772192425,2.0456910128604067,7.83840523369791,8.104427853022994,8.404591968340089
CT,Aug,1.607753360177823,2.532619242426945,3.3443722946785113,21.531640175716735,21.784703275899904,22.00991565955418
CT,Dec,0.12197168687396132,2.319267150519304,4.753180074020783,-0.42792909845722354,0.17026715020222905,0.7805807552108109
CT,Feb,-0.9418465780194741,1.4598989893159793,3.5370415487217435,-2.4164051631009777,-1.860636459751733,-1.340689922356619
CT,Jan,0.8014567425975005,2.612647801262375,4.793065869524365,-3.6644243237475482,-3.0533730815557014,-2.5594839961260116
CT,Jul,0.8883417577181766,1.9213867357316952,2.82543782873027,22.233006830835713,22.525916426990584,22.807220748725467
CT,Jun,0.23209986628838675,1.0875812453575109,2.00270798910408,18.881950528517894,19.132305982983965,19.338966663323355
CT,Mar,-0.34832102542610793,1.3317126577661056,3.089650953924314,1.6837153125809192,2.090791980215826,2.5237010395364012
CT,May,-0.30263667566064856,0.6673030600434755,1.7986635989225286,13.720128978141771,14.00768442714802,14.33026983120412
CT,Nov,-0.37917902072820014,0.9353332402219146,2.4507346180044873,5.186426343925109,5.55571614633031,5.9117214097847395
CT,Oct,1.3811370628549577,2.493393977177834,3.6992209603837813,11.108537864497249,11.392438384951971,11.685283172381546
CT,Sep,1.8321003724347298,2.5713031900295933,3.303611814314438,17.564413257248926,17.765571657517256,17.975138196996543
DE,Apr,0.4168030878889289,1.6974896114557012,3.091468293749509,11.845062903886962,12.144353712119234,12.446914200577254
DE,Aug,1.2494982537874844,2.0429783839245834,2.835788488633198,24.395442699040192,24.63160428789594,24.8443198043186
DE,Dec,0.10610124562931374,2.038157337942766,4.4172598638322205,3.329732627742168,3.947651800198929,4.48047712745509
DE,Feb,-0.4723954209445025,1.7391427255874885,3.5251158124438495,2.0025425008482416,2.5162165649034987,3.0328752275131707
DE,Jan,0.24134644688691786,2.3982920684473035,4.428017689754654,0.7125498071236008,1.2012518425355867,1.76710035366821
DE,Jul,0.7347877308267403,1.5290044281985262,2.3001705374607107,25.36297894163349,25.602854323494782,25.84233035643965
DE,Jun,0.649653955922257,1.4832313875694367,2.2810520578992044,22.484234806122924,22.704506269736424,22.915671333844973
DE,Mar,0.3696851905145343,2.0922178527004016,3.7227797655573323,6.0426971703554875,6.467608117281467,6.896998081335126
DE,May,0.08811619720404272,1.234009463861856,2.7295561473651877,17.176272551363983,17.547694457920677,17.932859514980404
DE,Nov,-0.9463904397079003,0.40801074025019124,1.9796989967641327,8.457475758755214,8.869238031512946,9.27796708895195
DE,Oct,1.0078942213357733,2.3689385567868353,3.9127872566776833,14.365673828811692,14.725357594759794,15.03678418616835
DE,Sep,1.3388804901912534,2.2200463081470234,2.996709025543457,20.82382239005048,21.04597931252633,21.272619321954238
FL,Apr,1.4012062781137251,2.3287247205814623,3.311564223060956,21.05955554823948,21.316950961351303,21.597756077814605
FL,Aug,0.8122195431752208,1.1503554760055357,1.519120062467566,27.199366487321097,27.317061915612253,27.435638934670713
FL,Dec,0.41971097944220465,2.210305999658402,4.267445130842472,15.570098576449666,16.048778397273452,16.517587182134566
FL,Feb,-0.10243985657242909,1.4800078631112747,3.2634270037402757,15.720586745529367,16.153499420148762,16.611077965780392
FL,Jan,-0.6233758174382091,0.8575727453028994,2.609267202180181,14.005711244486948,14.537736952900893,14.972569221531447
FL,Jul,0.3689581360127423,0.900039768142002,1.347486917127506,27.294623410681094,27.427136684391908,27.547983762741328
FL,Jun,0.38562298592415184,0.9323969700644044,1.4583158725208383,26.663524799483035,26.819162254675156,27.002267960812635
FL,Mar,0.3278430176169753,1.8136672360471424,3.2439420894847397,18.087355735444554,18.493537231846318,18.861569018658614
FL,May,0.6449504109796302,1.2682383924225407,1.8984317426144484,24.557024258326543,24.738398144672587,24.931960168411585
FL,Nov,-1.2085825037891615,0.379327390233989,1.8618201393485792,18.613935286984862,18.970798079663187,19.316013317818133
FL,Oct,0.5863850244530665,1.6863949505099676,2.7143001224397416,22.662410062875903,22.903811302073414,23.14403644320521
FL,Sep,0.7699749826002604,1.2113077999940673,1.6215953251926611,25.983098342222974,26.10225356343834,26.22456174416597
GA,Apr,0.6394095559212005,1.7525954624649125,2.925852055902372,17.125789271499105,17.446003762558416,17.78363727509774
GA,Aug,0.49218537379679583,1.2505136620636423,1.9605400235604409,26.25281988739649,26.470218365136617,26.72661987471001
GA,Dec,0.5538825348507804,2.785902005885891,5.074876953520281,8.624206488140166,9.135934413700534,9.699832910405656
GA,Feb,-0.44592107267214776,1.7074520598532152,3.577773353311262,9.277356708398939,9.733758493765524,10.218315852648995
GA,Jan,0.37113955803640825,2.258621994919379,3.941472871113758,7.042392535744029,7.589164765043503,8.102124983684517
GA,Jul,-0.24303543944402528,0.8416977764692681,1.6479701797830222,26.772506420051535,27.048908090432285,27.25235802782522
GA,Jun,0.15504282436006675,0.9978794940353637,1.904494289804437,25.433402417227697,25.653969219093412,25.896842208330256
GA,Mar,0.4432869334360417,2.0093481266771187,3.5074775124503783,12.99829580278569,13.474967994078224,13.907224848882308
GA,May,0.41013191459721,1.445961974926,2.4926577311744875,21.828571439637255,22.10328329613582,22.334419830958606
GA,Nov,-2.041410891574922,0.17985702452094948,2.0533959169800915,12.524750715141959,12.960665927163731,13.415814515909018
GA,Oct,0.49097336130663216,2.131271642238552,3.6641601777151753,18.02267020169343,18.353591139098683,18.71733765893895
GA,Sep,0.9181956000099126,1.9375746881113631,3.0098332212445187,23.511897850463505,23.74975398244851,24.00967619458399
HI,Apr,0.7143123644057411,1.1553516268621924,1.6092784393568083,20.380044544532005,20.49010789892551,20.605552783807617
HI,Aug,0.2897604506910914,0.7623427445765367,1.2406420645303327,22.90668442005622,23.051760737230616,23.19974299506579
HI,Dec,0.351248113189122,0.8549151669807,1.2940136574815981,20.42488443035604,20.530091880521255,20.629960624318105
HI,Feb,0.04087737110247117,0.5060825256987553,0.9109623546824775,19.620312200471247,19.763908780525576,19.907839946997424
HI,Jan,0.510334920874493,0.8610976295507549,1.185050134797281,19.866561451606426,19.967292970661852,20.065987945247404
HI,Jul,0.49550529023581413,0.9252443291126384,1.2616436317173254,22.534231082360378,22.638885391996567,22.7329831612925
HI,Jun,0.32555479887921457,0.7209973717634044,1.0438290343759573,21.96493974801528,22.0712020499142,22.16829415519991
HI,Mar,0.003981021331287159,0.585617381368149,1.133997912081594,19.855068319034004,20.01478351144074,20.17638777384324
HI,May,0.5409378734597712,0.994647601509745,1.3749259343267304,21.1718532014299,21.29163333158968,21.404760337461948
HI,Nov,0.28382028400653514,0.6612642402762627,1.0811484343329039,21.611686506239316,21.724185050824527,21.82572014646593
HI,Oct,0.29660062779236773,0.7720859603286994,1.1835158745879313,22.40319581552952,22.551032996890527,22.691017413083532
HI,Sep,0.23027820214487282,0.7527986541956351,1.2361203216541774,22.86405865886799,22.99342154505915,23.137428900800508
IA,Apr,-1.3141059307568101,0.6760083072574341,2.5419704843983006,8.795098868818865,9.24533390835422,9.756343230127003
IA,Aug,-0.23353295381875497,1.1431012797819993,2.3846237624227116,21.994666335631067,22.345566638591293,22.705421770878978
IA,Dec,1.4321745831722774,4.018541207983853,7.118710071741988,-5.151014872017518,-4.369385996067878,-3.697595102669576
IA,Feb,-4.291595727562639,-0.9374202417871345,2.1672011717726636,-5.336222022072547,-4.530977076061214,-3.696658229402568
IA,Jan,-0.24915340749011394,2.2063097208324294,5.1099550689171656,-7.574092407162066,-6.860899292190543,-6.13180542616395
IA,Jul,-0.06451797360495072,1.1181255914178694,2.244744415001077,23.25238312423858,23.607252206788672,24.000992988494826
IA,Jun,1.3981573040469693,2.4853006534621187,3.686421613803886,21.08817401137102,21.392845512361273,21.66701796153687
IA,Mar,-0.6868953051098196,1.581617090633726,3.471724382551268,1.8387405233813103,2.4148383789317593,3.079733920714581
IA,May,-1.1043826946208295,0.09968187059832531,1.6730452266292177,15.400512406963905,15.815995582374724,16.25711168739905
IA,Nov,0.9031614325856282,2.9929846431640073,5.073712116945069,1.9657037800941743,2.512273593517439,3.160266295039703
IA,Oct,-0.9619313703929455,0.6445969819394954,2.1775749423609394,9.955769322621947,10.351284357149305,10.768843983166512
IA,Sep,2.0100005330544306,3.21647668934493,4.488808690063105,17.489399596176117,17.8057157601428,18.120035559404183
ID,Apr,-1.2192349303519714,0.42649052982185576,1.922406260594416,4.4807666683847325,4.912281321766027,5.314564194047925
ID,Aug,1.0767700500253363,2.169288776728453,3.5991501227438594,19.349724279170236,19.649642552975507,19.96820978642447
ID,Dec,-0.4257262042322432,1.4291658884703655,2.9192456417443413,-6.129996588998118,-5.641028549754252,-5.194701474628119
ID,Feb,-1.3311830235399722,1.1224185565278075,3.045834127094772,-4.18976675033365,-3.65504879148424,-3.170897189006081
ID,Jan,0.19900599352885626,2.138015039738179,3.976203585087063,-5.936102108910357,-5.481709590102717,-4.971441189379406
ID,Jul,1.8992566549440137,3.707671726173861,5.963752762940351,19.827486759549796,20.254428729920527,20.71019864206757
ID,Jun,-0.13141262759450095,1.4913993277900297,3.2856102660864748,14.504421883418228,14.932645403369254,15.39337719359908
ID,Mar,-0.48248884534525044,1.1492854832040074,2.693131572124759,0.5411415599502005,0.8954323875313264,1.3018284824003572
ID,May,-1.0049471765709612,0.29695390605126704,1.6295819979402169,9.450235031838771,9.869790620061352,10.23085895820362
ID,Nov,0.572580524500031,2.7014245812677125,4.6501733541742665,-1.0455472085868438,-0.575692773083928,-0.08925595629623234
ID,Oct,-1.210909241752645,0.7522199601235124,2.774453960572036,6.408870975877105,6.862932519570981,7.295272062447262
ID,Sep,1.8921539930035898,3.411137358798727,4.893560852963877,13.857370997352685,14.189282124537414,14.592369278066112
IL,Apr,-0.5690092862492933,1.184571122508161,2.7767439278414106,11.00911187436593,11.460743520186103,11.858261416981742
IL,Aug,-0.31670116170640955,0.9939297202828521,2.254662844402835,23.361827208950377,23.693273103163385,24.067970182874422
IL,Dec,0.5418134062270987,3.3210364606791143,6.692689586532236,-1.3457419757843745,-0.6569851308638429,0.0747080106705512
IL,Feb,-2.3683356356354617,0.40578707484142484,3.0735577312540823,-1.618621348619535,-1.0292896271147431,-0.2647339165355473
IL,Jan,0.0383811297733643,2.788299804242329,5.0223171708677405,-3.747837417301975,-3.122613668868941,-2.518239045838407
IL,Jul,-0.5422778315606462,0.5539949126022691,1.5952754461768355,24.281794067955616,24.623175540252504,25.01422447188242
IL,Jun,1.089485310767482,2.0807570488120213,3.1860034314398353,22.207069786573573,22.452153521624602,22.72186869912345
IL,Mar,-0.2568059850846342,1.9432457969546346,3.8944352298452323,4.608111237394896,5.159162990871023,5.790866942183581
IL,May,-0.37219696334924807,0.9791831093441075,2.5196025848199244,17.000291021100637,17.40385218793451,17.858459686502023
IL,Nov,-0.8263871277545727,1.2430133580646578,2.9841055710197284,5.052892196379823,5.542882441774497,6.01425571407136
IL,Oct,-0.25953509421661625,1.1134578204008523,2.6779130064593066,12.209933590544827,12.560572578866132,12.941616754473952
IL,Sep,1.5081499464557555,2.7088220142826938,3.911790292142127,19.20750922544363,19.514994931645987,19.773259887160435
IN,Apr,-0.23862332114768656,1.3653237085185643,3.0622236517923294,10.633163631310007,11.056524171810727,11.410268902538299
IN,Aug,0.2072852150902699,1.3895126208992303,2.554156535053864,22.85404764380856,23.16884412900187,23.524083333979114
IN,Dec,0.13144236228719702,2.9214288694286887,6.156494021032828,-0.7976985449486929,-0.07109087165799925,0.6798053755911887
IN,Feb,-2.223017614572898,0.8048438152458808,3.334882757245191,-1.3516063944259744,-0.7210953595801991,-0.08760448324928997
IN,Jan,0.6777451572231875,2.7594406143782866,5.07421762314414,-3.2342893355460385,-2.6141185732302823,-2.039855963471097
IN,Jul,-0.1725508615964468,0.8206553416862481,1.70561962989377,23.59072840595426,23.960863750992317,24.27949908094206
IN,Jun,1.0564731004744314,2.0041270931016464,2.965728431204051,21.586728281994876,21.83283531971696,22.099948117054335
IN,Mar,0.15289101774936517,2.087299961899478,4.094428281503342,4.303678559574521,4.838274374771698,5.353042201014745
IN,May,-0.1561413797102093,1.376861298369517,3.0596597519826267,16.53426790435737,16.957449105233305,17.429615996437263
IN,Nov,-1.3967886091967108,0.5785055397522056,2.5662927280082863,5.286428381731964,5.757329996780037,6.2562597783131615
IN,Oct,0.06746994049075866,1.5625795060516983,3.1973155146541288,12.057800132596965,12.422772166944476,12.83507058589283
IN,Sep,1.4900803435258607,2.652136027493468,3.6271984448857637,19.00302194113185,19.27345791609907,19.535439225114036
KS,Apr,-0.8154647812497927,0.7047286200959417,2.5460363912273993,12.031347605666829,12.44816392522661,12.899308574855999
KS,Aug,-1.199653986995197,0.4493782199190721,1.8463965343638995,25.155093821765956,25.55284920565532,25.948779985813637
KS,Dec,0.355938865194609,2.3284715048131326,4.743505370730931,-0.3416892900986775,0.21196120951667696,0.7393155674109796
KS,Feb,-3.1514277062648794,-0.23499706284030925,2.4030739819786384,0.5124948597097347,1.1598635974545137,1.8275288366626048
KS,Jan,0.020222583746017708,1.748474237644094,3.488898145485319,-1.1860976716480787,-0.7314797942349271,-0.2644503079620204
KS,Jul,-0.22941252438676615,0.9131405160172599,2.0010046694400985,26.331931791410913,26.644272450845314,27.03924787574283
KS,Jun,1.6559019384274822,3.147812803966241,4.474657969118447,23.484201458178813,23.817958193847275,24.17167148923102
KS,Mar,-0.16400583500522875,1.8004906599775925,3.6273765319078617,6.411707142092143,6.974064612682252,7.49763061169167
KS,May,-0.985050283615755,0.17484385592399831,1.7932134174978884,17.739282679942246,18.103611698390228,18.459098418980613
KS,Nov,0.9645843576791556,2.8869916263534474,4.757063575947914,5.5729819567341305,6.083204422074233,6.597390801230058
KS,Oct,-0.9875052402478373,0.6494467801444898,2.1399238839782337,13.080117218660437,13.444228737175873,13.789726829276333
KS,Sep,1.3357420727840774,2.718953089685469,4.144718357427287,20.594173003750846,20.9841372083143,21.362097037355234
KY,Apr,0.1251952713862308,1.6094512168499884,3.2432866145320975,12.79905463949085,13.239342970477775,13.61655875213554
KY,Aug,-0.04400313506624559,1.1023606168285336,2.085730753197585,24.172442681901607,24.459926191082182,24.8278653529804
KY,Dec,-0.15207477864077906,2.804640285616809,5.5852294948134835,2.317831180297634,2.9902304604646224,3.648185453846227
KY,Feb,-1.125096277390205,1.2876939520056911,3.551898258316987,2.1688310443992918,2.7306660063406545,3.3029946963924464
KY,Jan,0.28983930871430214,2.5775907898383443,4.696056553725451,0.19898561774434106,0.793076571351919,1.3481592795871067
KY,Jul,-0.4568527440083472,0.5679072905368467,1.450844332279077,24.76900338017077,25.06291956234609,25.340252996965116
KY,Jun,0.6306365555470315,1.5133322187833373,2.464714827293843,22.704146418435183,22.930287458182327,23.162084582534444
KY,Mar,0.35320993213904645,2.114813333391258,3.8158773105853023,7.2179685393205455,7.715218653896935,8.232202588974557
KY,May,0.15484398326105062,1.6128917281317736,3.313958654598643,18.06320808480253,18.444203159261548,18.89111007825554
KY,Nov,-1.9436410648801645,0.1459658855289393,1.9927896586258063,7.470296982923393,7.942804169934016,8.421939580014977
KY,Oct,-0.09901678269873222,1.5261220847242778,3.034244586737089,13.835431964424988,14.190117952720055,14.58924372316887
KY,Sep,1.201259592667475,2.4108562110117306,3.855239031217247,20.422090212705875,20.694326382815202,21.041445347806775
LA,Apr,0.011783229740448029,1.1539828767945624,2.198286142387594,18.74138067463891,19.092617022700352,19.478129177832738
LA,Aug,0.08722069262559404,0.8861059239520577,1.8393933197353343,27.687202826698286,27.958023627810448,28.219891100833582
LA,Dec,0.1957501931816341,2.3894967309928665,4.520277302725417,10.11203250109281,10.686598576486212,11.122213773968227
LA,Feb,-0.9864959050932968,1.1646326686305088,3.158233010449134,10.751933006965894,11.280612270499384,11.778844996237893
LA,Jan,-0.3753101002058323,1.7320891734862962,3.619428863589455,8.788428397524399,9.270034167442317,9.808626731382814
LA,Jul,0.21192737520959617,0.863935675965382,1.4979028940337837,27.821537842473727,27.982574591415005,28.176024780451712
LA,Jun,0.657956929954449,1.4105365254909636,2.3304205719006674,26.61732588908847,26.83909682678574,27.093935913526984
LA,Mar,0.1011640988584781,1.9899113064621785,3.4782438000783045,14.807865461362164,15.224843246923829,15.662104374054321
LA,May,-0.04510913206332985,1.027419380522335,2.045912345195516,23.192031945552692,23.45576843912741,23.707642093794714
LA,Nov,-1.3041749984341036,0.5712234937073659,2.134787183752446,14.162189405950627,14.556815157171414,14.944343216393591
LA,Oct,0.8940160819574566,1.7941175240536684,2.7915777824043033,19.76213662189213,20.00463234823394,20.300253304315348
LA,Sep,1.0414277823140952,1.9983630348914323,2.9315722354930513,25.101789157110844,25.33966737534889,25.573216341147717
MA,Apr,-0.15333039461297376,0.9631945841229612,2.1809490383132926,7.126156489247131,7.378366454358979,7.658714876888066
MA,Aug,1.7218960119437015,2.5893968862108356,3.405423074731114,20.889751618620615,21.10156313491083,21.333998967345295
MA,Dec,0.18877574696581467,2.183421357436198,4.8429855830634985,-1.1500578254305909,-0.5110790669204412,0.07839701154089697
MA,Feb,-1.1037839994562744,1.647912812211501,3.8646405675897015,-3.2347408336976535,-2.57851472055786,-2.040041339930742
MA,Jan,0.9567721062844234,2.862708688726467,5.051059607722866,-4.394261979911549,-3.7658561062176115,-3.1953134449661262
MA,Jul,1.0408558348905483,2.0728566395793386,3.0173710527603808,21.505945923669866,21.784297484196394,22.089725055177244
MA,Jun,0.2883588036012216,1.2863980279622322,2.1945425671392482,18.194833258860463,18.455892088993195,18.692625991670564
MA,Mar,-0.2553363711087142,1.416657704091188,3.159907795637545,0.9844994470460073,1.3673699906630474,1.8082198291394753
MA,May,7.248610649569526e-05,0.9433866985911283,2.1390050229322917,13.063282723132282,13.373627320161411,13.676788065825727
MA,Nov,-0.6583031469830674,0.8948913720473672,2.4070742627478623,4.651431851523342,5.005530447242863,5.338983184557892
MA,Oct,1.4562873654288868,2.553162295241944,3.6753996357282537,10.440041376618796,10.743657411954754,11.032132899774602
MA,Sep,1.9722811430250364,2.6442741563898675,3.3704314206123605,16.855508880959572,17.054018240238523,17.257704958717397
MD,Apr,0.49653626508156884,1.725583256813202,2.9755388548613766,11.305791599224307,11.626596443887241,11.909011643843973
MD,Aug,1.0917871450385088,1.9778723226725172,2.8426005757496866,23.781274894162237,24.02306366505738,24.27292082096999
MD,Dec,-0.116281726499538,1.9850337600157002,4.426980920546691,2.3631746412718373,2.9300538694112728,3.5374915548983736
MD,Feb,-0.9384129610174303,1.5541561618180413,3.3854921756738814,1.1100168272303732,1.642297770934172,2.1386236504237157
MD,Jan,0.5606242959884794,2.5338838824502243,4.624993268178227,-0.26303211398765225,0.2853178849976322,0.796363707651873
MD,Jul,0.6892689798811426,1.6107508325506619,2.4814372538373,24.650667592218138,24.922773919859186,25.18020696289571
MD,Jun,0.8031449666871817,1.532165852876528,2.35642809748226,21.902319436115395,22.1107413492468,22.319957529670244
MD,Mar,0.31526645612207027,2.2970545937318416,4.059563420527461,5.298199131920163,5.775808942923991,6.226720223491032
MD,May,0.13770247289569587,1.5403523795605147,3.058185749906553,16.681213995539196,17.025527775712483,17.390787677071923
MD,Nov,-1.091904893339158,0.48776579999729797,2.1513793706917155,7.5718404670083395,7.960930094512144,8.375194866531263
MD,Oct,0.7615126775549198,2.1867138443504484,3.7800736057366424,13.582489147888365,13.915367744267755,14.260914876802197
MD,Sep,1.2576401523867047,2.1987920382263137,3.0972128731596538,20.078960207923693,20.308037508228498,20.53181686480896
ME,Apr,-0.7449142857250489,0.3962737745530094,1.7430982587342774,3.707933967208788,3.9743865731314836,4.255580528340018
ME,Aug,1.1289100511890138,1.9410248625689,2.8622971809783517,17.96379579346817,18.193488482528455,18.40050743424135
ME,Dec,0.5631949239069116,2.9482704252967755,5.460912670596058,-6.498738340875087,-5.772585476559897,-5.213630266908637
ME,Feb,-1.2545189258174967,1.4470151370453088,3.605722324297258,-8.819053795598343,-8.145321931495095,-7.516567009037643
ME,Jan,1.7678945816501512,3.771811848232156,5.90095620296729,-10.383770884581752,-9.822625326027408,-9.22006968551534
ME,Jul,0.7265859929492635,1.6749616391948898,2.52003472301991,18.624024305802546,18.85940127308921,19.07966425187754
ME,Jun,-0.1245524724851096,0.8207957680166655,1.7476195280518416,15.670270391208904,15.874503465232277,16.10617625170405
ME,Mar,-0.6838413845407049,1.0106246593592052,2.450803072903476,-3.526080042440674,-3.121124790334398,-2.6955315331852505
ME,May,-0.31039876916879955,0.6442154092624375,1.8041703532345446,10.513262381912684,10.826678323896909,11.128452408704739
ME,Nov,-0.169707014969877,1.3346379266452746,2.7234131911524404,0.6304866940057829,1.0409481272995695,1.4313890969979712
ME,Oct,1.1800986856585878,2.5106098301596935,3.8170486503783763,7.1158998076147775,7.422198647414151,7.755166833749612
ME,Sep,1.7194415485495917,2.5793114235653016,3.6763828988782756,13.583548435585048,13.813430193653645,14.039144364132616
MI,Apr,-1.729070164023861,-0.14546987239978887,1.5352282830965833,5.223790198502548,5.6440279392331085,6.032411679856683
MI,Aug,0.6741237968501611,1.867535991041057,3.084707995667422,19.528878203027613,19.846280146884972,20.126117296392202
MI,Dec,0.3381187886420584,2.705837417362816,4.9543146498791,-4.034574825879436,-3.4195397021364684,-2.7947394238657908
MI,Feb,-2.1677491604338672,0.28962187288144237,2.8154673505559002,-6.504493306187896,-5.889026949934616,-5.233104564926507
MI,Jan,0.1423150510178663,2.6034069978507333,4.8814697370984375,-7.365266458158592,-6.763318529616825,-6.133479454197334
MI,Jul,0.46851796503857185,1.5332364171509845,2.640757076595707,20.08010274612704,20.40513667687166,20.730057493537277
MI,Jun,0.7744068205110263,1.7968222776929963,2.935889310972524,17.18312978022646,17.450211287190932,17.769682839177296
MI,Mar,-0.5053636767744913,1.596089578053741,3.522620818053109,-1.4067422561185459,-0.8620949937128,-0.29070029761959876
MI,May,-0.8075543441211874,0.4844262891882417,2.117640454887003,11.703788806444395,12.131412458136102,12.552950941755121
MI,Nov,-0.18452926797483005,1.8707766281809992,3.491843974837527,1.970091707464611,2.4622559915005198,2.9089074422302015
MI,Oct,0.2565171243768869,1.8556770281534978,3.5199002564560127,8.59269078465444,8.935821441747036,9.315182226810037
MI,Sep,1.7918080176476987,2.8468587834574937,3.7812400490081877,15.435153448877616,15.676406312301456,15.927746732712535
MN,Apr,-2.316996963884168,-0.5291356028238023,1.4392392768675892,5.2053567400416085,5.717273763120426,6.195495829646438
MN,Aug,0.030586289078050322,1.3383319048452014,2.527588521616826,19.722654719075397,20.063742386658436,20.364169545004952
MN,Dec,1.3475277620631145,3.932326870517599,7.206703994735159,-10.014300410260674,-9.235416399548246,-8.379257647417022
MN,Feb,-5.041414955178109,-1.3603795465129878,1.7256248600652007,-10.601533799878503,-9.723554542971641,-8.791580821029159
MN,Jan,0.22615447032024386,3.217316132197661,5.95198308549798,-13.021837036675953,-12.2564777355543,-11.475961274778033
MN,Jul,0.7682706546707091,1.9341739485023077,3.1778163440535976,20.915816353499793,21.23875928985411,21.595389806997627
MN,Jun,1.3182697696482433,2.5970674580799704,3.794051051296047,18.142300127740565,18.496440228007955,18.904724931921827
MN,Mar,-0.6250445473722104,1.7817764466199661,4.023803002512616,-2.8029098645033064,-2.138731975627424,-1.4531582768500322
MN,May,-1.9966781426805569,-0.5926255374666738,0.9832947499144885,12.609354531461857,13.026668263488718,13.43733042533741
MN,Nov,0.7827473467830538,3.434837653666457,5.685291306783184,-1.9772021680104577,-1.3315914052003568,-0.6717934745222395
MN,Oct,-1.1390470428798998,0.8476237590811431,2.675883599688781,6.6312571857523785,7.09950799773468,7.537537174086502
MN,Sep,2.33919127746337,3.4286026513903103,4.747619318521177,14.622822724968238,14.955941800138495,15.244671495141736
MO,Apr,-0.5705465744784027,1.1078238443864552,2.958667495189969,12.412890454180406,12.839566558155552,13.311260222212555
MO,Aug,-0.9578058325207813,0.5347968529084888,1.807722669083618,24.6304164073481,25.026407435160202,25.419937822397646
MO,Dec,0.717031606188431,3.043631893895453,5.914451285247563,0.27369079905567273,0.929998295899661,1.654171241793602
MO,Feb,-2.3513952787324373,0.3728468052015411,3.210368532765595,0.44371294620293167,1.153190202917155,1.7869805739234228
MO,Jan,-0.08880904631551538,2.181316386844526,4.177159380226142,-1.473979257438089,-1.0086125412102431,-0.44055668527652797
MO,Jul,-0.44548852078600304,0.5999362751395796,1.5578169119791136,25.530195512105045,25.899328204351214,26.25731716628171
MO,Jun,1.1545959449488434,2.387978242078285,3.347991008401602,23.14116843783053,23.4132225631503,23.708520797420377
MO,Mar,-0.03062262581349912,1.7493275129688968,3.6006183913701784,6.5005605788479555,7.07287932599654,7.664048663790289
MO,May,-0.32787993365515633,0.8139779125910411,2.4661386833624084,17.89895486198037,18.279400115248748,18.658138023949075
MO,Nov,-0.08431568042711216,1.8215682370742474,3.6480593453155663,6.3722068353308385,6.88055868868844,7.390707462736838
MO,Oct,-0.5843089702049963,0.8416409460727943,2.272706479944262,13.386327074843932,13.716319152529914,14.022783426553552
MO,Sep,1.4471512883865665,2.804698149190184,3.985515082815753,20.27259746938095,20.56289299803781,20.901209822230918
MS,Apr,0.08013154349061509,1.1221883819388112,2.351137963219729,17.398058758707823,17.72502521557324,18.055568048211057
MS,Aug,-0.15136008613590318,0.7373291046720246,1.5255879699388537,26.911167878876643,27.16703409730698,27.435346998710106
MS,Dec,0.22095296475869247,2.4644628292840647,4.894945560040321,8.243626703018773,8.818653700702093,9.398937243240143
MS,Feb,-1.2012017988631092,1.5483727553042292,3.7547868570477307,8.924878994796561,9.496135681035279,9.960202134327378
MS,Jan,-0.26096260179342856,1.9438406749993637,4.070390304984312,6.6792999974794975,7.243475078902798,7.7899468637016875
MS,Jul,-0.2386465589454808,0.5437379476165575,1.2883985929709043,27.207423307694565,27.425604915822014,27.634263096597333
MS,Jun,0.37600616745185805,1.19926457069599,2.1272934590612884,25.848685702135057,26.11597110353364,26.350576518342134
MS,Mar,0.19297681341798825,1.9893666863882449,3.6204627852133204,13.198727822153852,13.643587614862021,14.116593481989447
MS,May,-0.09915698216776946,0.8447365004433764,1.7631640705254623,22.060736339449843,22.32866299445324,22.561605472772353
MS,Nov,-1.7722482157994417,0.1005401708549382,1.8472822454893152,12.337732658243974,12.763747043060665,13.237174837557394
MS,Oct,0.6221519423856389,1.8987572927767387,3.2103828168820865,18.2519071660919,18.558316467367725,18.88022997811777
MS,Sep,0.949349229818026,2.1280093784634717,3.321678508763574,24.11932623112009,24.394571113460216,24.69095222607674
MT,Apr,-2.565745137734794,-0.9520947664275696,0.5215338246239211,4.457941245110868,4.902300069476694,5.388978959723342
MT,Aug,-0.04873128044152608,1.354928812468308,2.747262635568284,18.997482369329358,19.385834195650048,19.790815368976336
MT,Dec,-1.2219464203322252,1.2726864256721329,3.9718384621213683,-7.021016905848298,-6.4018450815361385,-5.751051908119121
MT,Feb,-5.220482929168024,-0.9364862258741697,2.7676207507107895,-6.08097175709973,-5.272895754302059,-4.461667126629334
MT,Jan,-0.14372302760095065,2.2651685413876272,5.051891309385187,-7.090142223085926,-6.487664204348398,-5.844755011472405
MT,Jul,0.783491589514414,2.680548720014012,4.950504437018381,19.674310266951966,20.132955916559148,20.55870776697705
MT,Jun,-0.7953237960685511,0.8343239477236188,2.152927774415247,15.134495669430615,15.504054303767495,15.901707047703797
MT,Mar,-2.1593698155113525,0.34575433263104643,2.5775137730327264,-0.7243857253537024,-0.17137980327480667,0.3554405376862042
MT,May,-2.281854443480084,-0.9192366264738048,0.5442789793658842,10.079512937215016,10.474723320002116,10.858605035337861
MT,Nov,-0.3850256686906095,2.44078644731819,5.553882759152111,-1.7714338104134164,-1.119587947385165,-0.5328795651261597
MT,Oct,-1.918218855491781,0.00494288270519465,1.870093147811543,5.678557323296289,6.112849111746616,6.557078454439512
MT,Sep,1.4957729700276927,3.2441305707863757,4.8449607817366935,13.04993468127541,13.481362447466225,13.971347911598505
NC,Apr,0.45022804743669836,1.6665869576943768,2.970031836298227,14.52532777378663,14.839196884351985,15.159259886486643
NC,Aug,0.8121998683944865,1.5856159021548633,2.226646518650576,24.602816656260273,24.82674108655158,25.061315009499317
NC,Dec,0.08760437412562784,2.4393254656513603,4.861214933582178,5.576788129850659,6.186226946199548,6.7537214080429635
NC,Feb,-0.45900573226170355,1.4925654719652446,3.511922874319759,5.587264352236976,6.058844004875408,6.525699254529662
NC,Jan,0.41745640357734126,2.334163633812759,4.062288942567366,3.719483095869808,4.221675233208915,4.693130242632142
NC,Jul,-0.22964215425314854,0.8145907474655869,1.6744284077836504,25.530989866043047,25.75650239343866,25.95507996504776
NC,Jun,0.1994770571511691,0.9668122500731369,1.9973001818450327,23.59641265215151,23.824367017554557,24.04999541993172
NC,Mar,0.3415656993675555,1.9156352385760829,3.5541516978541647,9.441653715705712,9.879846430162097,10.322749542979947
NC,May,0.0972796975739043,1.4447996424775447,2.828927910976493,19.216714332172874,19.53243458497541,19.83472619346329
NC,Nov,-1.9857357346204807,-0.09689633379812805,1.81348546171038,9.889142392482437,10.323066130646447,10.78386780367972
NC,Oct,0.3994663852971242,2.021636636420113,3.468407572570973,15.462993116517577,15.80271965800199,16.154661554184877
NC,Sep,1.1610463999014087,2.2267966815157814,3.229450610417746,21.38015558770382,21.618596049864916,21.88991789059243
ND,Apr,-2.9387827443843704,-1.0413487938391637,1.0706203038905733,5.1689441256303,5.737217251818749,6.329123210215033
ND,Aug,-0.4884339534757805,0.9815946339389532,2.3815101788073516,20.281399084871985,20.65317431425275,21.008332770740473
ND,Dec,0.07871889093632525,2.885178999374828,6.020715211988467,-9.890174806211059,-8.955715568766106,-8.094479622661655
ND,Feb,-6.096210075187808,-1.9438054291665066,2.186477101298354,-9.71975142214982,-8.78041411844858,-7.864979701659702
ND,Jan,-0.025636498801307504,3.2473173642247666,6.573701468925326,-11.909375147851502,-11.032528943326483,-10.157929779027988
ND,Jul,0.4801095219288486,1.8830386554479042,3.4009214276160233,21.373582128573194,21.740019189151724,22.09808945026912
ND,Jun,0.782281955769706,2.2312305049941425,3.6062022562197305,18.05509442698343,18.43611607774183,18.865194272485386
ND,Mar,-2.224172351327178,0.6932824488628996,3.2166009076611703,-2.4537304870035523,-1.7228753848927705,-0.9830220934233744
ND,May,-2.8632300216310878,-1.0971172626805632,0.4242213189513189,12.472178515361293,12.932961254430491,13.326366373367197
ND,Nov,0.7437265972498035,3.6378966253338314,6.197365971133887,-2.5066469567779257,-1.8570722644353923,-1.1181054698836188
ND,Oct,-1.653603713142821,0.16496774530436994,1.9976137060288028,6.2141774819667015,6.655114573253734,7.093241631042082
ND,Sep,2.027245606410011,3.3026021797228013,4.787211710733009,14.471872631037789,14.7807724114714,15.094217359845123
NE,Apr,-1.5583575925263433,0.1193667791857734,1.724874423611258,8.754983512250472,9.165101020937456,9.663235196935524
NE,Aug,-0.5241021174913697,0.8431099037080985,2.380779760407288,22.84421326254771,23.190524163954137,23.548286803698765
NE,Dec,-0.05390284018094024,2.2748825057411537,4.607980870316064,-3.4896128868234233,-2.8874798710799823,-2.3065982135362373
NE,Feb,-3.9441450825310036,-0.8674676720905885,2.396478305558594,-2.6674515981898694,-1.9672289709278734,-1.3003293085347591
NE,Jan,0.17258555712383294,1.969194513750871,4.11389006119587,-4.048440456953375,-3.515223820481899,-2.9847388395844967
NE,Jul,0.35618438007676895,1.4552954895792234,2.905616400478299,24.092825338427637,24.436337384884656,24.79563204940573
NE,Jun,1.486020136225142,2.8824810165220125,4.243371412836348,20.963929851948055,21.325229460529936,21.76148931345755
NE,Mar,-0.47946094180053567,1.410062539067498,3.5020205560906783,3.0997000449548957,3.6357581921511954,4.236236510012717
NE,May,-2.072161258575818,-0.8977859886850227,0.5328862226894635,14.869697618659904,15.224043372128463,15.577020172667932
NE,Nov,1.4303700571536273,3.643899363301097,5.777801618331379,2.3497385703362,2.869143986521729,3.340742304740001
NE,Oct,-1.4502332213836455,0.32433170458588795,2.0556912412801975,9.836715018087673,10.27739841406612,10.647875142170475
NE,Sep,2.1254515115840094,3.3365417874465315,4.46058708983059,17.940533657739927,18.261111781251984,18.579129467721796
NH,Apr,-0.6056297141619915,0.5876251080071397,1.990744983109461,4.764348745727666,5.057618768476798,5.3652431622697945
NH,Aug,1.4462164119090768,2.3404768011504955,3.2633234483640003,18.564919014445135,18.784268541982826,18.980123087689673
NH,Dec,0.2014572715515697,2.605464514911277,5.6720120507420155,-5.403670372068313,-4.6627963690903025,-4.057950205003628
NH,Feb,-0.9730176974250033,1.7195263225264874,3.7679521472551554,-7.463050223711792,-6.7989424362812105,-6.1975873405289645
NH,Jan,1.1975571197945114,3.50732000904486,5.806706157039114,-8.987167062530633,-8.312570316588822,-7.651659388776542
NH,Jul,1.0312689538952768,1.9874198383841484,2.819196855897505,19.349875418971294,19.625120091551352,19.87603964089594
NH,Jun,0.08529732852416891,1.2046211174120218,2.2437751285522065,16.553834348383866,16.831251173530664,17.097030029730508
NH,Mar,-0.2733550776803481,1.4906269861171482,3.2781997360766435,-2.417369108591474,-1.9623495876146744,-1.495730730689408
NH,May,-0.2925044741097321,0.960334900103178,2.219642447920284,11.411052068846882,11.777206486702916,12.154775488443287
NH,Nov,-0.6408134278906067,1.0043609584185442,2.476229949779154,1.2745430877817716,1.6605387131445712,2.0389271573648045
NH,Oct,1.2591419900111864,2.58848491974901,3.9964118499848977,7.494670824203942,7.78377289986509,8.156323499275162
NH,Sep,2.0435568933582626,2.8390715516807115,3.6829687676375378,14.202590543718754,14.429288044005656,14.649332194871537
NJ,Apr,0.31762318098835574,1.4612422863826589,2.7137024380478976,9.94553790193268,10.250818814399322,10.57060840084903
NJ,Aug,1.3329775968486022,2.350031093406332,3.327047474673815,23.076730341468203,23.308928841452598,23.56460991402399
NJ,Dec,0.1377022552761,2.1544585691979803,4.68864385790976,1.564170189633562,2.184422012782554,2.772054533629523
NJ,Feb,-0.5385367989344568,1.6696661589043091,3.5539485882066133,-0.08680811750275426,0.4892445839646924,1.0612938782282921
NJ,Jan,0.5597425715969635,2.467248980888624,4.503950165836771,-1.365669349092989,-0.7571905968790292,-0.21556187994379544
NJ,Jul,1.0888704603971635,1.9048867238427603,2.6249581295047455,23.877548662915007,24.15053604291287,24.41663267013824
NJ,Jun,0.5914931500810383,1.3278440468351584,2.0858089558684534,20.759590070665872,20.995955039512427,21.233224110202062
NJ,Mar,0.08532638770129157,1.9024148058742723,3.5325265277366613,4.045356757886645,4.446154148782478,4.875489285691322
NJ,May,-0.08423362572899415,0.9740740181036508,2.207934926769435,15.547397256545779,15.90781218439517,16.25884481440458
NJ,Nov,-0.654588868597529,0.8546075081936308,2.4808366048531365,6.911108844330266,7.304715845538443,7.6714960240979115
NJ,Oct,1.135002561594952,2.5454335429982837,3.8352640767983446,12.838356932322338,13.144301212386159,13.46841843700403
NJ,Sep,1.646937020684624,2.4606950839936648,3.334242352288736,19.320593862724028,19.54492392190466,19.75358798907467
NM,Apr,0.42975163058030913,1.5395547927816595,2.831237223954577,12.112563502577524,12.482056152647726,12.841677052905236
NM,Aug,0.7146539869612129,1.8414329559773281,3.0559639516097774,22.687246522626126,22.943152010855513,23.205333179047514
NM,Dec,0.9385780183593871,2.033768568523702,3.1760420626209913,1.638574966416911,1.9756566831553999,2.313805243058469
NM,Feb,-0.7948833312225791,0.718366150038674,2.022990164051982,3.787387423445818,4.095182728293269,4.477493254990632
NM,Jan,-0.05349396875637651,1.108514950478201,2.243969600079752,1.5033649042800037,1.8456665563827857,2.213532004505341
NM,Jul,1.2061731878444195,2.0403004389845747,2.838404408289238,23.942734939018678,24.18501679567373,24.415623614345918
NM,Jun,2.050824570063365,2.972210754348277,4.024038997954,22.703246018311514,23.049525262375887,23.37237080569585
NM,Mar,0.9069418165638179,2.091368057536463,3.2659304106301517,7.73950795220971,8.046945801088853,8.371860157029642
NM,May,-0.33260707630825226,1.246364286741767,2.9502630816935613,17.198784665535097,17.601154130260056,18.011334075789435
NM,Nov,1.3805533686264089,2.8727217413282293,4.653828761766778,6.258901241372107,6.660492353912339,7.02793578886633
NM,Oct,0.9023855597583734,2.201361363673609,3.3904333747547404,12.992187201374731,13.26838991213247,13.547970836809641
NM,Sep,1.686032530695735,2.5410820249265686,3.549729983296581,19.202949437429947,19.472434340899305,19.744889327079477
NV,Apr,-0.8029354893123424,0.7750436635795452,2.5102886242742515,8.558240365599831,9.084208801796477,9.494643740574823
NV,Aug,1.3787063092566838,2.2653016341180647,3.205695489610708,23.406422773675228,23.646172183490428,23.925374008785106
NV,Dec,-0.8103084426160515,0.577281464177261,1.8813477442683275,-1.2114131451858858,-0.8395001544934388,-0.4283023076513897
NV,Feb,-0.9757353819303025,0.8603539368821949,2.694148190463111,0.7499696876236025,1.1263620606292162,1.6058765958681807
NV,Jan,-0.42268377555298836,1.7470181004599714,3.7514164277024156,-1.3018603789041554,-0.8037102934701743,-0.2815162306380357
NV,Jul,2.0877014235432902,3.408055414341275,4.771810748296902,24.442508586626236,24.782145235227965,25.0938591708705
NV,Jun,1.0604556667873497,2.706410109620947,4.378932358059716,19.67153486540853,20.17552112851432,20.631302564429465
NV,Mar,-0.33374227531307177,1.2834739574963496,3.0351851614777225,4.64697093002902,5.07923927550425,5.500968841919476
NV,May,-1.4903754002094332,-0.0505539133203406,1.4378896189947317,13.697722442505665,14.18544549653598,14.621731613796307
NV,Nov,0.9591057354125887,2.8847193335981487,4.487519051168673,3.5543548996021905,4.047995424667462,4.576276256371724
NV,Oct,-0.5090215850349958,1.4735874385208865,3.1099183259641943,10.89083540479799,11.346559013211447,11.828948626102308
NV,Sep,1.7106883457502877,3.247342743375691,4.8688359966200085,18.373071404727963,18.685970426895175,18.993559847391154
NY,Apr,-0.8437653554375067,0.4488854266526635,1.9994559293714034,6.143626464094551,6.4549266909267455,6.799220445693185
NY,Aug,1.3698235733578175,2.3429576147492233,3.25423786440353,19.642836091904204,19.900304519132163,20.185064208198554
NY,Dec,0.2505748217177154,2.630037340853155,4.839670759850579,-3.1784027132318053,-2.5864079894960277,-1.9670598753130852
NY,Feb,-1.120011003243636,1.4654550012460057,3.6824317703338054,-5.437282411021982,-4.886017266070738,-4.302118216592183
NY,Jan,0.47623246010392656,2.643928759135414,4.789878074686525,-6.594715050926678,-5.992136752606908,-5.375691622489157
NY,Jul,0.9552401017162584,1.890740444378431,2.775619476861172,20.432097477574985,20.700192526575606,20.96089947596819
NY,Jun,0.5414317083672112,1.5163167466062057,2.5632325632862294,17.681009389512933,17.919218124876572,18.180954025783493
NY,Mar,-0.13102181788569678,1.8848972237316532,3.74485599681896,-0.8273751862066783,-0.36026203768063114,0.1625023247716465
NY,May,0.06462163611468799,1.3450456071863806,2.795766245145695,12.697670526793004,13.086183391281118,13.456488189882982
NY,Nov,-0.6941163101236921,1.0878810850285154,2.7553551705276127,2.737321291589925,3.153221918521898,3.6143609335076747
NY,Oct,1.2738945480237658,2.46944194566619,3.9435727708166404,8.894333741651037,9.224922348415898,9.608208443065534
NY,Sep,1.747820565029165,2.6152675790455477,3.444924415577984,15.56201142995055,15.798323469586038,16.013249069604264
OH,Apr,-0.31104676270367343,1.2674402385428163,2.854037204591583,9.923598628593783,10.289294675331606,10.669133331546554
OH,Aug,0.762773911455889,1.8534934549800455,2.873437032344094,22.27501309903137,22.58964610939931,22.855026945107927
OH,Dec,-0.01953933958114267,2.371452103223702,5.4410339957605744,-0.5004305859697802,0.15522657533503276,0.7710168147298173
OH,Feb,-2.0969342564017825,0.8025123638957524,3.33977564227112,-1.6362598882908674,-0.9661782735571448,-0.3845199038088173
OH,Jan,0.23344575000138212,2.523839289334312,4.580629054991706,-3.0322016289711176,-2.474583291175673,-1.817865786787267
OH,Jul,0.17231266942120588,1.2102835959313514,2.1105830415857683,23.05216383439087,23.355070923318337,23.658691060767364
OH,Jun,0.794074808390892,1.684656595892561,2.698355736028615,20.793763747918785,21.0703595140239,21.289044016604475
OH,Mar,0.5058324876373539,2.419937471778703,4.341665425216267,3.5046389467913306,4.056470161244038,4.5622074537506805
OH,May,0.07402455628472475,1.6862379054754593,3.422356053613914,15.754255355410338,16.19327263687252,16.620419104157605
OH,Nov,-1.2615439168870164,0.548552077436226,2.3789360048491397,5.144028814182302,5.595747093062442,6.045157647277588
OH,Oct,0.34678013066016705,1.8344607822925134,3.3977660471624924,11.537977375910426,11.926290915682703,12.311476246368645
OH,Sep,1.6424345264751081,2.6528097788858878,3.7040765222350798,18.37569568970684,18.615220115934804,18.867841642459535
OK,Apr,-0.4883394732718688,0.7603457158461453,2.229836419378813,15.077216192886105,15.480063396816947,15.866490599042846
OK,Aug,-1.2005131135860456,0.23222548615291894,1.7240780490591932,27.367457321659995,27.773725658669562,28.218180400703442
OK,Dec,0.5345223796238951,2.426230797187163,4.722416656341439,3.4630635052234555,4.02564184684735,4.521856725529787
OK,Feb,-2.476198076788296,0.059269285621335,2.570130235779119,4.605403295327153,5.176582276366503,5.738851045094739
OK,Jan,0.5069979722847909,1.92124409002551,3.542226380171197,2.621322495125536,3.014257914638079,3.415532505812705
OK,Jul,-0.3609313922576666,0.8428395540187972,1.965719445492764,27.888982158279354,28.29124476176012,28.668288868550665
OK,Jun,1.1371175908241187,2.3386858493560845,3.7639701376667243,25.181432207373224,25.530075114813528,25.85147743341387
OK,Mar,0.08081103314259598,1.7339326117489484,3.422151617100966,10.028305012152865,10.470900375778044,10.92188243059739
OK,May,-0.6810900891377746,0.4697531129939085,1.9018650507275698,20.191879132535494,20.54904456208571,20.842804651728095
OK,Nov,0.7035485132387483,2.270045843365007,4.040373364022194,9.057401922786553,9.534003228552933,9.975460832052809
OK,Oct,-0.49920693612153333,0.9293053188551913,2.386206120593208,16.07992496010571,16.39054153054125,16.694326857489152
OK,Sep,1.1238927575763247,2.4367985672595225,3.8245744908058157,22.93340586525508,23.281329493775814,23.69151943756085
OR,Apr,-1.0207284525969242,0.5948791720697006,2.0256151596210423,6.4711095378779495,6.877564297925737,7.289642871862357
OR,Aug,1.5757218784682834,2.4992742070317657,3.4964953032367947,18.965692736464977,19.22542576697677,19.475448293197296
OR,Dec,-0.6242444968743677,0.8995809184047496,2.4300506146428478,-0.9748207363750498,-0.6274838641274441,-0.24765100638358467
OR,Feb,-0.9905358592271956,1.0849363077604535,3.044313455168052,0.7639320300774189,1.1588422837470138,1.5999819548719374
OR,Jan,0.1510604003844532,2.099671485285001,3.7935982080014092,-0.6675046119505195,-0.26139184070398647,0.17272341722309548
OR,Jul,1.7685708414444863,3.4264517626462956,5.195909717521199,19.099275698137596,19.469725319867383,19.83748019755069
OR,Jun,0.22179347483098877,1.6920394219368604,3.3023394402646478,14.57851365753262,14.962640291280312,15.323943585573621
OR,Mar,-0.7448739109899435,0.7698157786127517,2.2562351334249584,3.685504506175036,4.022584011059541,4.383879570528034
OR,May,-0.4297757634678773,0.9966912801284848,2.094174464483768,10.65656179047557,11.006087062911131,11.393047869091017
OR,Nov,0.3267229801543241,2.046144230207957,3.933679599487909,2.762562999198941,3.161420257212046,3.553513918088449
OR,Oct,-0.9111694958524956,0.7807134628235094,2.473723402449327,8.850903672400209,9.248156777678695,9.630001012284852
OR,Sep,1.1695235625616993,2.6397018819080493,4.135489993121536,14.83013427477203,15.172458265338298,15.508354621830419
PA,Apr,-0.1539248414282299,1.1778301350995846,2.763840920503262,8.33410772023662,8.663010091253806,8.9897256739574
PA,Aug,1.1537946047946983,2.2530739214323074,3.3044588807832835,20.955712597391216,21.23197289256247,21.503794201274438
PA,Dec,0.18223244319430132,2.3755238642828793,4.935092664097832,-1.477560109948783,-0.7579607425892945,-0.1317197722975961
PA,Feb,-1.3005371193251851,1.3538963605161052,3.4878447261172436,-2.8574656392637174,-2.2827296820203173,-1.690584825497179
PA,Jan,0.4612565330481535,2.613614348549026,4.80832030525183,-4.191981402989704,-3.5615480894576246,-2.9886253993044454
PA,Jul,0.9133987688419487,1.9561096855362488,2.9226821456686443,21.769193322770796,22.0624880823224,22.381912392673435
PA,Jun,0.8029819523449139,1.6977168027036975,2.5894587019104587,19.204526321032837,19.441126398597504,19.684272717502598
PA,Mar,0.32525131870066254,2.2816435169182867,4.169972370483579,1.7091240026552224,2.2244016184446247,2.7963532843832732
PA,May,0.2540612200901271,1.6139737771419425,3.227502800531767,14.209079416120154,14.667895288603539,15.048462615811134
PA,Nov,-0.6945742977287219,0.9839923926772369,2.5481786968530487,4.086906089728794,4.509418992395759,4.9305884175534
PA,Oct,1.0130941009911196,2.3437576283215185,3.7921044062040536,10.206970691018014,10.55532021513256,10.928009554104559
PA,Sep,1.9042161397536057,2.7639856750579175,3.543829502931062,16.94396479532877,17.169940448186576,17.387954162181124
RI,Apr,0.06765754554777163,0.9144395051449836,1.8534782361310962,7.468242033747128,7.6983220180009155,7.909660353020453
RI,Aug,1.988569711717925,2.6871692128224014,3.3883987476320434,21.490001763362052,21.661697608431588,21.85229750599049
RI,Dec,0.14994804447468274,1.9215788283014636,3.9304971473255246,2.6223253991195303,3.1467001181039613,3.6585179935351797
RI,Feb,-0.41900702364862036,1.5049767369794826,3.17149632892225,-0.16680648432924097,0.32591471946942685,0.732365825790274
RI,Jan,0.7118009361201921,2.4286524225097157,4.016532109753608,-0.6569277310006565,-0.13789372153276874,0.36290143177477263
RI,Jul,1.2391584178071524,2.035478350388656,2.7796416831895594,21.46006170239293,21.682338196328537,21.90835050702099
RI,Jun,0.29553887709825477,1.086329859415779,1.7990007648202961,17.690330863359748,17.90084822294648,18.099889971812786
RI,Mar,-0.10357241287772039,1.3201847226572592,2.7949413563218344,2.643382623690265,3.020096677279153,3.3743080015592843
RI,May,0.1573635307832301,0.8084431296599762,1.5328256218564353,12.547964983289182,12.767525530010579,12.993654427296415
RI,Nov,-0.044822858237145644,1.1544907486825535,2.3200805038862313,7.76016288305448,8.082436902145382,8.378533894011232
RI,Oct,1.4781333297896124,2.402869847380666,3.38406545776568,13.06146400222652,13.30501621024614,13.545675164638563
RI,Sep,1.8091409083720646,2.431358825335913,3.0807789246513893,18.34991781718117,18.51687396106312,18.689526649536344
SC,Apr,0.6273278997327942,1.8242886898674304,2.8911336596130073,16.63625064660007,16.94317137415791,17.27589098167251
SC,Aug,0.6513531381271154,1.4794341535028486,2.1890486430538574,26.06174716484529,26.293985859975447,26.53798171832997
SC,Dec,0.5742624755306348,2.88594916833305,5.537206808195346,7.685620542973274,8.290452425189772,8.88582324172142
SC,Feb,-0.38875175767070863,1.7878493480987863,3.579250987269639,8.16043647993765,8.636409120647144,9.092630069029111
SC,Jan,0.6947550128032681,2.6250078695967805,4.452358895961386,6.125559847224288,6.635020707437729,7.107814958891671
SC,Jul,-0.43628751600746174,0.7673840041489355,1.792689937213224,26.921830735037094,27.163936665341787,27.41062162937393
SC,Jun,0.15937842166495625,1.076635412060722,2.0565046430560914,25.270041306383213,25.53890103844448,25.822747516433765
SC,Mar,0.5216220705576473,2.012034491414034,3.452377733240521,12.010155259851183,12.421519046590214,12.82558765060938
SC,May,0.3280474687152498,1.600083824907713,2.7334264751194137,21.37203026338883,21.654901053447055,21.940468403463314
SC,Nov,-2.006371357243234,-0.0446736429361083,1.7580998006757742,11.872705034141838,12.266714735609398,12.70449367624146
SC,Oct,0.5635487509871138,2.1826348111092893,3.7601768389877366,17.304978785297664,17.64587833265515,17.995560045915852
SC,Sep,1.2317479461916032,2.2525601416918377,3.276299338312347,23.029840638833953,23.268392277019963,23.50909414836285
SD,Apr,-2.361163442624422,-0.5416941375914708,1.3073577401610748,7.103157335234473,7.6262267318668835,8.14432954983529
SD,Aug,-0.7731686267401158,0.7105584272465987,2.2022536487678637,22.182953285782908,22.554713961043007,22.94084391259907
SD,Dec,-0.6191142632244241,2.184786153477723,5.202598782494751,-6.0826344126690115,-5.2848993153243375,-4.592333098663214
SD,Feb,-5.444615497983138,-1.5049084292502328,2.000214766655724,-5.513011602338446,-4.633622273409985,-3.7914739126175356
SD,Jan,-0.5277773642405533,1.9449309550187954,4.648105517087421,-6.972085442005286,-6.36086882820452,-5.737157428003599
SD,Jul,0.6268730060254757,1.949171423529941,3.6752209518958128,23.453593676047124,23.87536096054327,24.28659440516924
SD,Jun,1.2426456851647174,2.7847579243813074,4.068651084221121,19.78638620079587,20.23106015111989,20.65408818297756
SD,Mar,-1.500963488221568,1.0704334461629177,3.2680491044398985,0.7405251684383399,1.3379416660966812,2.018562691999586
SD,May,-2.6478004417055105,-1.147376759905993,0.5935680886061498,13.865771307009659,14.264327889018094,14.648387326738606
SD,Nov,0.8646098577354363,3.5836871022318575,6.107565459376036,0.3028244752031661,0.9163055063217653,1.495243248642086
SD,Oct,-1.8137726148311946,0.01813356897102445,1.9221513604547087,8.357716911310208,8.856257540558712,9.294413149134932
SD,Sep,2.076538857745438,3.358144555773126,4.66950546201039,16.732293405506404,17.0890415378039,17.434208646564155
TN,Apr,0.165257004001846,1.5890471343671557,3.092965584892823,13.987872453803766,14.368374250081098,14.750477878794534
TN,Aug,0.01787698949520668,1.0482245447316112,2.0536533571912834,24.76328268110611,25.053976738390123,25.399840369990265
TN,Dec,0.19565373176856937,2.765212028732864,5.53480090374898,3.989112778228895,4.5884670499750015,5.1546507201005785
TN,Feb,-0.9904794184243718,1.559218549480084,3.805922187621919,4.236513072932678,4.83804001658615,5.354534761621334
TN,Jan,0.31642281360509733,2.5893503073759154,4.777055889712328,2.1317892612586373,2.6390008189879426,3.1198982496265573
TN,Jul,-0.2624437079503077,0.7577869376082761,1.5771454439645496,25.334857620043632,25.579739389466006,25.813524953896028
TN,Jun,0.701833927430368,1.614353937090306,2.5885488076572454,23.38121495870032,23.66075353483005,23.870387210596284
TN,Mar,0.4432397295802357,2.194848053743443,3.8177895436677995,8.951899847062432,9.397569711556947,9.896249535951977
TN,May,0.32036331769763093,1.5781429984670794,2.9889912057393517,18.96572052824229,19.2659471858683,19.641799254324724
TN,Nov,-1.6352439233655494,0.34615770194014706,2.115071307446572,8.688598244741161,9.135218075571157,9.621227334932556
TN,Oct,0.214808564192197,1.7932475821090241,3.317416985541666,14.81354994082324,15.193930253322359,15.54757615319844
TN,Sep,1.1940176394041349,2.5588499782205947,4.010762405759498,21.211945713601786,21.512737994414138,21.81747634788735
TX,Apr,0.12413247093073691,1.023261715715945,2.116689690042862,18.807839024960973,19.146886343617375,19.502723176286047
TX,Aug,0.13076989327967198,1.0682523859702446,2.1461288397836857,28.173824664178834,28.448944960748648,28.70561603429379
TX,Dec,0.4865199462536745,2.193752211424686,4.327262384863351,8.56526511283546,9.030584910594804,9.458278543364246
TX,Feb,-1.5999729906971258,0.31466026328149155,2.2299418813209897,9.933577369585622,10.40527039332689,10.914266572362667
TX,Jan,-0.08316230388838959,1.6090992121701881,3.0697747897475414,7.842909753012827,8.234523652553936,8.629862867323657
TX,Jul,0.3022989711566443,1.195615237563362,2.0698717826633715,28.339623349126832,28.592417715472784,28.903201885143634
TX,Jun,1.050963153444475,2.0053769183038765,3.1169668499374588,26.942283356084857,27.256369025157383,27.55193128251029
TX,Mar,0.2823056803818977,1.6923812539146108,3.110907058346291,14.379345088344467,14.780640628229929,15.140843602255742
TX,May,-0.09475131962598111,1.1530269198536103,2.383931014004167,23.20229465154201,23.522593813799034,23.836076494180137
TX,Nov,0.22428789642816632,1.803972131832643,3.39602333384352,13.157651706871462,13.519186057227625,13.900452736593792
TX,Oct,0.5585650115277362,1.40363209469673,2.2769852188136626,19.448219993303656,19.637929961828846,19.839351020683885
TX,Sep,0.5056666290923258,1.6437723650989722,2.7500708935571865,24.748564907093307,25.02580960737444,25.30628091799793
UT,Apr,-0.4920346978864764,0.9549461602572942,2.3977324654206558,7.5894942246107355,8.0025400166116,8.453123312069886
UT,Aug,0.8812287657156302,1.8613920402850073,2.93211928260208,22.298923181100815,22.57113457325572,22.794770840619055
UT,Dec,-0.4006120141682653,1.0270164394884111,2.3157597471325784,-3.2930913786925764,-2.887969236919048,-2.466931458283892
UT,Feb,-0.7292837866667041,1.2492831701484515,2.970756859232759,-1.2521069130057474,-0.8099043241655425,-0.3516430836365257
UT,Jan,-0.054699026280386746,1.8171718353659667,3.4887858536312275,-3.6666988566836207,-3.121388575255012,-2.6238552858585016
UT,Jul,2.1877738391491057,3.3592219332456352,4.6253721502028835,23.613563241703986,23.906344961045484,24.18403066698376
UT,Jun,1.2252473163113278,2.899008598873439,4.501954905060648,19.372883524108275,19.77728775079393,20.189645665251362
UT,Mar,0.2254405643744645,1.7952007184131809,3.1764123790673398,3.3786786580852475,3.791861195301583,4.1615036687524025
UT,May,-0.9712868916568941,0.43569632892429355,2.0597056015821007,12.978773383856744,13.371319880757664,13.787020371890065
UT,Nov,1.195769718293402,2.992477713923746,4.674972557359708,1.8708176715454323,2.366574484872484,2.7982455423113004
UT,Oct,-0.6531667374102738,1.5133051961361936,3.157113820916021,9.283383825775498,9.70374181926006,10.16896550256946
UT,Sep,1.9814118908299172,3.2901062271617922,4.700054572425365,17.070228745037156,17.36470335574024,17.689228227249977
VA,Apr,0.22196465675857288,1.6178287673466585,3.0080846124956055,12.522903388073273,12.824149040874502,13.160741977973633
VA,Aug,0.9072428610300902,1.842122486787333,2.7219466289432166,23.617422292861555,23.85472894546426,24.115058448615656
VA,Dec,0.12569724033947213,2.4813133205378817,5.041478868953238,2.676117384864815,3.3200356823953188,3.9786075907544856
VA,Feb,-0.47349300208644185,1.5967108450650014,3.6555769365965958,2.333796080835343,2.9135943499541535,3.43664488654805
VA,Jan,0.6047716183679909,2.5204758680982455,4.340642092473785,0.6103899406669473,1.1118255327418671,1.620387996594091
VA,Jul,0.26751297338136343,1.1802467620709662,2.146703514787462,24.600410823469044,24.852077942699438,25.11790327791333
VA,Jun,0.17776054574716219,1.0560831006491749,1.962268549475233,22.294420123238634,22.519439414696706,22.746714880798248
VA,Mar,0.34415866468230477,2.1462513389818767,3.945671444093396,6.715449648860716,7.147648357570464,7.640716961494131
VA,May,-0.13749930989448533,1.3594250522580786,3.0195885848974098,17.442382598652564,17.80948367268467,18.153999396645084
VA,Nov,-1.7128285425898597,0.1648368771370842,1.8778307339809142,7.508146761617865,7.926077342484076,8.369757818183023
VA,Oct,0.354559193791406,2.047082317142625,3.663996834836382,13.376380902726153,13.744008712405204,14.131860440640773
VA,Sep,1.3266482173783023,2.456719037880176,3.584638546132568,19.82083575864174,20.110960287270082,20.37705529967414
VT,Apr,-0.8881041508636586,0.3831843947277438,1.721844567695075,4.8911932437060734,5.200050134375465,5.529913857712899
VT,Aug,1.4727339374589807,2.4027505973252365,3.2872401331049566,18.45003919492499,18.691161671602792,18.922150866433892
VT,Dec,0.7461373221641909,3.1733514435877774,6.395433200860674,-5.762881052835399,-5.10381215150335,-4.4664158041539705
VT,Feb,-0.75266740611106,1.756045672612633,4.202668882022877,-7.954257720769293,-7.290707063314779,-6.758573310994118
VT,Jan,1.2246714720615317,3.5837569473831694,5.915772338502671,-9.566832269270295,-8.876872334369764,-8.283261669047691
VT,Jul,0.9079129040808963,1.9061147984610276,2.8633358813250167,19.35913344959846,19.60955045430736,19.862597710861646
VT,Jun,0.1561718947222878,1.3065493532116037,2.352610165014575,16.799965807419657,17.05066634898751,17.295421852807095
VT,Mar,-0.29822880942971475,1.8550908491474998,3.6028330966002504,-2.7392563616492063,-2.193197387841062,-1.6584789789749836
VT,May,-0.16502305648145757,1.0512946006235937,2.5358672644173477,11.832401693109842,12.180788038046238,12.540877038688993
VT,Nov,-0.5390661143735168,1.0066407846862546,2.6401436505521,0.9851706424467506,1.3785716939098336,1.757806984526978
VT,Oct,1.4549171215519288,2.625120260362326,4.017675533534669,7.272204728671123,7.633552753435,7.99804845551149
VT,Sep,1.9117430736576804,2.8148824782395456,3.795801576919644,14.097894320928342,14.339529601920567,14.55627824052607
WA,Apr,-0.5615150124970056,0.8458859885540456,2.2923709454198313,6.546674642407461,6.892361304877873,7.2145667732860765
WA,Aug,1.3104430454188825,2.2629749019750176,3.1918481992923424,18.22556119265607,18.4915046681336,18.74079272851127
WA,Dec,-0.432169600287668,1.6197164100625159,3.2888273153327976,-2.1081495130566807,-1.7021097299115246,-1.2703352192952293
WA,Feb,-1.6583183959221361,0.8645640550840548,2.9553845709439717,-0.3020867835144488,0.2127919241129767,0.717567219529726
WA,Jan,0.21132334791901347,2.096509148985473,3.9997517857546776,-1.5812680599522813,-1.1529779221411838,-0.732392307194266
WA,Jul,1.2802374297289356,2.880799734160277,4.445818428282872,18.16610371619099,18.52200629452618,18.857435110021438
WA,Jun,-0.27310123550097,1.1841243870520222,2.8989017299501327,14.378465466837541,14.73602756664723,15.09777703190854
WA,Mar,-1.0628951510441293,0.3019997491529933,1.6423402001057175,3.1704405019913464,3.5072744617439673,3.8804437605583284
WA,May,0.25117331190301045,1.7554141616331682,3.1920453008539633,10.998078190410094,11.319943326846225,11.64294675894378
WA,Nov,0.26925567565676495,2.132110506162494,4.463772270865962,1.873598378307884,2.309669890055039,2.717497018993816
WA,Oct,-0.686811047415939,0.714700316932048,2.241655470362294,7.992157915812567,8.321129502951152,8.711131573941588
WA,Sep,0.5734145953843026,2.0895194129086554,3.3818350882268766,14.1057803704297,14.417403986106436,14.767499491326896
WI,Apr,-2.0116169990587047,-0.31713574922368554,1.4713303575110375,5.719716321140462,6.1549509029870215,6.549550786009158
WI,Aug,-0.010924902036462743,1.1610392681898434,2.4608846624854386,19.7965071216605,20.113015276739787,20.421925618146
WI,Dec,1.2049638114114631,3.630690259557409,6.704132507716973,-7.143921630402235,-6.424016448458964,-5.610512590032386
WI,Feb,-3.7588131264514977,-0.6250114612228077,2.452022484596787,-8.196113472833934,-7.380821161255248,-6.605499563900631
WI,Jan,0.2725120064687857,2.831966229651524,5.648923159144354,-10.319855736266229,-9.487272855796078,-8.740581795171458
WI,Jul,0.2891544963100359,1.373505435560369,2.402398984249136,20.84907459825495,21.20146264711113,21.52731443527564
WI,Jun,0.6623631951196993,1.9159816747208192,2.9761685262788826,18.12105768582614,18.438222381990176,18.778469895481805
WI,Mar,-0.15389081215172576,1.7466533336436498,3.8692686186901297,-1.400110354346648,-0.7680577559880617,-0.17748084691507457
WI,May,-1.4445508533366371,-0.1801236141474875,1.4555431748219148,12.619654135885941,13.037406694955347,13.461664910317076
WI,Nov,0.6550514188876793,2.737631334097732,4.580067191316961,0.25761092146357173,0.7588026348570998,1.3927088704565445
WI,Oct,-0.6169266865644665,1.1762781362160943,2.9389013744363766,7.882128484562208,8.274959617862343,8.684769108290023
WI,Sep,1.6843506435341122,2.904656730114374,3.9272999856735478,15.218959768161799,15.53284915446091,15.773500859187662
WV,Apr,0.019414703636212036,1.480722777665945,3.06832005445588,10.526816109947232,10.884493181131923,11.203711678364492
WV,Aug,0.731646424660152,1.721813826879781,2.6678991061755926,21.592288898203243,21.866170285378367,22.14719884708156
WV,Dec,-0.5875287365433358,2.212796461318934,5.072079678522601,0.692432966327109,1.3106068319232567,1.987835946513788
WV,Feb,-1.1556230978941426,1.4470735894156976,3.492666830887765,-0.014485613798508728,0.6185319547313071,1.1574087915914406
WV,Jan,-0.0463346451630949,2.0834321827446924,4.491604250699237,-1.681049000738683,-1.1093314443857532,-0.5547800190809583
WV,Jul,-0.03841772381297834,0.9573913149879951,1.8112765324036042,22.265419369931443,22.54577016748462,22.835888808892452
WV,Jun,0.34668172622748655,1.1374342426168542,1.962919862722876,20.16949769839836,20.38056246528857,20.583839496415166
WV,Mar,0.2828881484393609,2.2785360863192023,4.018244738742109,4.541920274667336,5.083856383285747,5.54309693276818
WV,May,-0.07210908179498991,1.7060386751606331,3.4434094895131007,15.573616744026301,15.962359528273858,16.36484508271221
WV,Nov,-1.7441664632307925,0.050916230551626945,2.00762678363514,5.528999898718594,6.040708651508271,6.52478653955086
WV,Oct,0.16163123071525526,1.9355437004742224,3.6591717763022014,11.506940216734943,11.865827613517965,12.270969261686867
WV,Sep,1.5146403239563861,2.69062489026153,3.9243595786843564,17.935317615705564,18.209988115387482,18.46973025838229
WY,Apr,-1.7679871132274108,-0.3953760383064211,1.0510496544906496,3.3764204370274937,3.8038707962129927,4.205680553831325
WY,Aug,-0.07373786908894846,0.9529157182546217,2.1263097745742168,18.685502866494524,18.995692070923504,19.32700006642788
WY,Dec,-0.666146726072902,1.1707627949773167,2.624789871920341,-6.980772226789418,-6.4807654025280765,-5.988945455376973
WY,Feb,-2.602021397745799,-0.04934542973075305,2.1892853063908126,-5.81483667660624,-5.277127175030682,-4.728394221420698
WY,Jan,0.24631661442518843,2.0435903809670037,3.472288855481587,-6.895627002846595,-6.441759263510788,-5.998748654008264
WY,Jul,1.5303484152169895,2.755466773952932,4.520815082578153,19.673327816882804,20.05210304256658,20.411792753357446
WY,Jun,0.17502889146247824,1.8460139096029704,3.3519335421872145,14.92835262648071,15.421511263341127,15.895494470230783
WY,Mar,-0.9164001713888547,0.8071943291739734,2.333037255516416,-0.8830333334429789,-0.4393156734826029,-0.038341570774332846
WY,May,-2.277280742372308,-0.9577876008206384,0.3922011343583706,8.852693199755596,9.233322650809324,9.603790598763576
WY,Nov,1.261655323794889,3.143743766517168,4.865613196537768,-1.937027844662966,-1.4010116956479617,-0.9689655000566361
WY,Oct,-1.6074576288882916,0.5079262961830354,2.3790774448962435,5.158108829286691,5.607604975646837,6.059436909898383
WY,Sep,2.26694776546388,3.5143517009277834,4.9164520169897665,13.032875027191515,13.337110834702465,13.688386314416
