Region,Month,Slope,Intercept,R-Value,P-Value,Std Coef,Std Intercept
WY,Jan,0.340292440651208,-1.4264468430168375e-15,0.3402924406512079,0.0015391990617793466,0.10384093457359492,0.1038409345735949
WY,Feb,0.10919616448419064,-5.864110565377332e-16,0.10919616448419062,0.3227785669493508,0.10977116983791628,0.10977116983791627
WY,Mar,0.4352556672841388,-2.458695894073129e-15,0.43525566728413856,3.508435130995168e-05,0.09942226428386026,0.09942226428386025
WY,Apr,0.1578478056742187,-8.979332124284608e-16,0.15784780567421866,0.15156395842535872,0.1090470960150478,0.10904709601504779
WY,May,0.0783530206477259,3.36666446971161e-16,0.07835302064772592,0.478667492895679,0.11009202382194594,0.11009202382194593
WY,Jun,0.3003622586237146,-1.4683117545381163e-15,0.3003622586237146,0.005502787052671236,0.10533237252797202,0.105332372527972
WY,Jul,0.33281026636907346,-4.7083657161049034e-15,0.3328102663690734,0.001979843114876937,0.10413624557019256,0.10413624557019255
WY,Aug,0.25844739179274995,2.2274304457773884e-15,0.25844739179274995,0.017611011198602897,0.10667965184604891,0.1066796518460489
WY,Sep,0.3308884212216747,-2.4623111022692974e-15,0.3308884212216748,0.0021100018575664946,0.10421090556089745,0.10421090556089743
WY,Oct,-0.10740854889187114,1.468665819369493e-15,-0.10740854889187113,0.3308107160305276,0.10979267621988131,0.1097926762198813
WY,Nov,0.29215657551156643,-1.7634544634903852e-15,0.2921565755115664,0.007004244780647023,0.10561345393007897,0.10561345393007895
WY,Dec,0.10914191659391563,-6.918434388331794e-16,0.10914191659391563,0.32302046225247094,0.10977182776671993,0.10977182776671991
ID,Jan,0.3578432980172674,-2.1592667654116113e-15,0.3578432980172674,0.0008319547197897472,0.10311893287779499,0.10311893287779497
ID,Feb,0.20259944513431943,-1.109681730139603e-15,0.20259944513431938,0.064566306768089,0.10814136326661405,0.10814136326661404
ID,Mar,0.4656787761190643,-2.5044647115842966e-15,0.4656787761190643,8.05532357174222e-06,0.09772680171811536,0.09772680171811535
ID,Apr,0.2714155964031062,-1.2794595298480096e-15,0.27141559640310614,0.01251214449835559,0.10628617456092053,0.10628617456092052
ID,May,0.2614211514348881,-1.7595562946706415e-15,0.26142115143488803,0.01630598276090099,0.10659125150474144,0.10659125150474143
ID,Jun,0.31102116352693043,-1.4346955890397814e-15,0.31102116352693043,0.003981429941427399,0.10495445213243199,0.10495445213243197
ID,Jul,0.37638762451118574,-2.6557682989706837e-15,0.37638762451118574,0.00041766441522436893,0.10231064342236289,0.10231064342236287
ID,Aug,0.39539896328758295,-2.2974305219886093e-15,0.39539896328758284,0.00019726448891932817,0.10143240328891304,0.10143240328891302
ID,Sep,0.30540023210028405,-1.5988958587279523e-15,0.30540023210028405,0.004729179002142834,0.1051555583022932,0.10515555830229319
ID,Oct,0.027163440323317505,-4.835378469146707e-16,0.02716344032331751,0.8062458699865925,0.11039077746858897,0.11039077746858895
ID,Nov,0.250007019365751,-1.563603318089853e-15,0.25000701936575104,0.021815163001747857,0.10692466519777716,0.10692466519777714
ID,Dec,0.09863899143522178,-6.622290755290227e-16,0.09863899143522177,0.3720313326598901,0.10989298282978466,0.10989298282978464
MI,Jan,0.31628727715911165,-1.7833123969967053e-15,0.31628727715911165,0.0033784417226442255,0.10476235350098018,0.10476235350098016
MI,Feb,0.28341698551646266,-1.7555890798823435e-15,0.2834169855164626,0.008989890522791486,0.10590347724091313,0.10590347724091312
MI,Mar,0.3738899205730606,-2.1402279210559168e-15,0.3738899205730606,0.00045938898343160517,0.10242226840174648,0.10242226840174647
MI,Apr,0.23875319683981328,-1.15971850672788e-15,0.2387531968398133,0.02873109884489158,0.10723787730673003,0.10723787730673001
MI,May,0.2870413576490517,1.0757154407952062e-16,0.2870413576490517,0.00811334642220521,0.10578436759189395,0.10578436759189394
MI,Jun,0.286757249886948,-2.067257113137651e-16,0.28675724988694795,0.008179237084096092,0.1057937639153717,0.10579376391537168
MI,Jul,0.27178328479295755,-1.7652542497914915e-15,0.2717832847929575,0.012388598716041614,0.10627471569676705,0.10627471569676704
MI,Aug,0.24473987471703046,-3.4255140923594514e-15,0.2447398747170304,0.02485124943785211,0.10707316815192952,0.10707316815192951
MI,Sep,0.449372130566917,-1.3474058910533292e-16,0.4493721305669171,1.8037249884582146e-05,0.09865341452991667,0.09865341452991666
MI,Oct,-0.07357961487237391,-1.0255095560037455e-15,-0.07357961487237392,0.5059442217708433,0.11013218445185306,0.11013218445185305
MI,Nov,0.2234438662263686,-1.1362877126059647e-15,0.22344386622636855,0.04104047723601441,0.10763946362662251,0.1076394636266225
MI,Dec,0.33047162036199207,-1.793848153208317e-15,0.330471620361992,0.002139226619877469,0.10422703339083925,0.10422703339083923
RI,Jan,0.2754471474325618,-1.3462650826738486e-15,0.2754471474325619,0.011214315670160116,0.10615961687829852,0.1061596168782985
RI,Feb,0.2984894466171316,-1.9429079777536237e-15,0.29848944661713156,0.0058177640224633615,0.10539727690390546,0.10539727690390545
RI,Mar,0.27808073348877665,-1.618712229323389e-15,0.2780807334887767,0.010431324015077932,0.10607585330516472,0.10607585330516471
RI,Apr,0.27733890387357263,-2.0546909221362678e-15,0.2773389038735726,0.01064689465810609,0.10609953520496603,0.10609953520496601
RI,May,0.22167820059870733,-8.554736709118011e-16,0.22167820059870727,0.04270741782973107,0.10768397617165724,0.10768397617165723
RI,Jun,0.11805528722303765,-3.2003203576500025e-16,0.11805528722303764,0.28483205255736943,0.10965928103252065,0.10965928103252064
RI,Jul,0.34679050957421487,-6.45545822416512e-15,0.34679050957421487,0.0012306702021942831,0.10357843395867886,0.10357843395867884
RI,Aug,0.4459299809436401,4.733790133123484e-15,0.4459299809436402,2.1272048435723516e-05,0.09884370836878156,0.09884370836878155
RI,Sep,0.42191559966110065,-2.430055566389591e-16,0.4219155996611006,6.406999086390751e-05,0.10012109903868818,0.10012109903868817
RI,Oct,0.171921045528592,6.015265263473484e-16,0.171921045528592,0.11787859802402775,0.10878728147641492,0.10878728147641491
RI,Nov,0.1826377471611424,-1.2281080848007224e-15,0.18263774716114237,0.09634466450914823,0.10857409818408174,0.10857409818408173
RI,Dec,0.3611625152077266,-2.0816617137691278e-15,0.36116251520772663,0.0007376258839906954,0.102977717078705,0.10297771707870498
OR,Jan,0.46764380183094756,-2.845869035324184e-15,0.46764380183094745,7.289097965180308e-06,0.09761230396562107,0.09761230396562105
OR,Feb,0.3165739542904761,-1.8278694414415174e-15,0.3165739542904761,0.0033480930216164277,0.10475179324763964,0.10475179324763963
OR,Mar,0.4407034027315598,-3.023102914494579e-15,0.4407034027315598,2.723447478849205e-05,0.09912916621951337,0.09912916621951336
OR,Apr,0.32491186588936755,-1.833490196942913e-15,0.32491186588936755,0.0025654395869415636,0.10443998623344682,0.1044399862334468
OR,May,0.2985700636498879,-1.9433584756128703e-15,0.29857006364988786,0.005803883806992813,0.10539449221343626,0.10539449221343625
OR,Jun,0.339820057655107,-1.312784806478134e-15,0.33982005765510687,0.0015641460736771401,0.10385979811072706,0.10385979811072704
OR,Jul,0.473497772372128,-3.827558087394129e-15,0.473497772372128,5.392061958943635e-06,0.097267537735138,0.09726753773513798
OR,Aug,0.5497531497035618,-2.7905671384070848e-15,0.5497531497035617,6.089145323010505e-08,0.09224645372197596,0.09224645372197594
OR,Sep,0.3209313555453416,-1.8271069462231915e-15,0.3209313555453415,0.002915861398155605,0.10458996973243694,0.10458996973243692
OR,Oct,0.17670686464722335,-1.713730511636988e-15,0.17670686464722335,0.10784410873817266,0.10869372297639869,0.10869372297639868
OR,Nov,0.2562135593240068,-2.7151177190430717e-15,0.2562135593240068,0.018649520550494958,0.10674534387620983,0.10674534387620982
OR,Dec,0.11758463465827812,-6.887980071698794e-16,0.11758463465827812,0.2867702004331777,0.10966544766188416,0.10966544766188414
GA,Jan,0.12827179435317126,-5.740555471787832e-16,0.12827179435317132,0.24490013795715934,0.10951925695318727,0.10951925695318726
GA,Feb,0.2654472152033341,-1.4569176895062037e-15,0.2654472152033342,0.014672583531708163,0.10646983862044379,0.10646983862044378
GA,Mar,0.34437542066052834,-3.0610689625297224e-15,0.34437542066052823,0.0013381064825925821,0.10367665315925027,0.10367665315925026
GA,Apr,0.1862620693142017,8.134815188390654e-16,0.1862620693142017,0.08980617067344068,0.10849898513264783,0.10849898513264782
GA,May,0.14226362978979004,2.2845606005490244e-15,0.14226362978979004,0.19673565621419214,0.1093083052899187,0.10930830528991868
GA,Jun,0.12272104292773908,-3.017248579950249e-15,0.12272104292773905,0.266089328285765,0.10959679682111109,0.10959679682111108
GA,Jul,0.4053709017457046,-9.092041571750758e-16,0.40537090174570456,0.00013066382695994634,0.10095123382095972,0.1009512338209597
GA,Aug,0.31456747246537115,-1.1675833941988346e-14,0.3145674724653711,0.00356572304394564,0.10482548245319796,0.10482548245319795
GA,Sep,0.36130791085534997,-2.2133219160838786e-15,0.3613079108553499,0.0007337261012420819,0.10297149697695433,0.10297149697695432
GA,Oct,0.27381678303938317,-1.6404831972882567e-15,0.27381678303938317,0.011724302202742187,0.10621103987712407,0.10621103987712406
GA,Nov,0.23059677359830363,-4.127271485917183e-15,0.23059677359830366,0.0348310485144891,0.10745532980040048,0.10745532980040047
GA,Dec,0.2218057294090173,-1.8315965463112137e-15,0.2218057294090173,0.042585165956510865,0.10768077360835737,0.10768077360835736
IL,Jan,0.23122022888025312,-1.3026605293206541e-15,0.2312202288802531,0.03432930524275624,0.10743899038788408,0.10743899038788407
IL,Feb,0.1612096911981059,-9.008595118362715e-16,0.16120969119810588,0.14292823701255467,0.10898710124305333,0.10898710124305332
IL,Mar,0.3123841641047539,-1.9716506811266538e-15,0.31238416410475395,0.00381680312193913,0.10490507521126025,0.10490507521126023
IL,Apr,0.2118386324851769,-1.6979192366213576e-15,0.21183863248517687,0.05305695678742504,0.10792524477996221,0.1079252447799622
IL,May,0.23209169876955582,5.587016267647539e-16,0.2320916987695558,0.033638135265168484,0.10741607293105639,0.10741607293105637
IL,Jun,0.31498849303829457,-5.775500908958563e-15,0.3149884930382946,0.0035190380074377513,0.10481006335815185,0.10481006335815184
IL,Jul,0.14331870606151448,-4.833701546469559e-15,0.14331870606151445,0.1934017887801048,0.10929149591428028,0.10929149591428027
IL,Aug,0.125939672863267,-6.022758927647805e-15,0.12593967286326702,0.2536565938796734,0.10955225943051289,0.10955225943051287
IL,Sep,0.32957957387308545,-2.755021658340789e-15,0.32957957387308545,0.0022030015302374217,0.10426147386619689,0.10426147386619687
IL,Oct,-0.056853027725717216,-3.6363160997610004e-16,-0.05685302772571722,0.6074793734477686,0.1102529095483795,0.11025290954837949
IL,Nov,0.2502495243289782,-1.4486493867748608e-15,0.2502495243289781,0.02168336578358517,0.10691774679705894,0.10691774679705893
IL,Dec,0.2621255124102887,-1.6366097187400133e-15,0.26212551241028864,0.016009387060134286,0.1065701541378789,0.10657015413787889
MT,Jan,0.35825585800025567,-1.9385363256760467e-15,0.3582558580002556,0.0008196605967341029,0.10310146199718669,0.10310146199718667
MT,Feb,-0.001129189292173977,-4.383172088867418e-17,-0.0011291892921739771,0.9918664091912892,0.11043145567094627,0.11043145567094625
MT,Mar,0.3060939439468303,-1.6919867557389827e-15,0.3060939439468303,0.004630601339528323,0.10513095767631879,0.10513095767631878
MT,Apr,0.15520625067862598,-9.023364434868469e-16,0.15520625067862595,0.15861853310337673,0.1090933265575567,0.10909332655755669
MT,May,0.17602640152067642,-1.0285947036302907e-15,0.17602640152067645,0.10922893019650007,0.10870718702919781,0.1087071870291978
MT,Jun,0.280412972542126,9.799224290366075e-16,0.28041297254212594,0.009778223549953845,0.106000952873656,0.10600095287365599
MT,Jul,0.33296276201169706,-4.681131881310473e-15,0.33296276201169706,0.001969831676566606,0.10413030059202105,0.10413030059202104
MT,Aug,0.3125123978669587,-4.02760155673931e-15,0.3125123978669587,0.003801631627692112,0.10490041742223466,0.10490041742223465
MT,Sep,0.3464969691692521,-6.396856399708841e-16,0.34649696916925204,0.0012432972883404908,0.10359041357594652,0.1035904135759465
MT,Oct,-0.15313911702725663,1.0910216999563261e-15,-0.1531391170272566,0.1643070248612574,0.10912894648724512,0.10912894648724511
MT,Nov,0.18449992677126656,-1.028364814453145e-15,0.18449992677126656,0.0929399769925747,0.10853569588273135,0.10853569588273133
MT,Dec,0.030175807700380093,-2.6114469708006585e-16,0.030175807700380086,0.785249992743382,0.11038123628928781,0.1103812362892878
LA,Jan,0.16353012810908374,-1.6116808703027787e-15,0.16353012810908374,0.13718751151749878,0.10894493446851536,0.10894493446851534
LA,Feb,0.1753824830020368,-2.7431987080463535e-15,0.17538248300203688,0.11055205108782194,0.1087198786239227,0.10871987862392268
LA,Mar,0.3452885561007951,-1.7497643746543579e-15,0.3452885561007951,0.0012965250133438007,0.10363960850724249,0.10363960850724248
LA,Apr,0.19708155470461838,-1.687404598709417e-15,0.19708155470461836,0.07235388417194075,0.10826564331260778,0.10826564331260777
LA,May,0.33218563084578523,3.776766138962131e-15,0.3321856308457852,0.002021331000854749,0.10416056476395566,0.10416056476395565
LA,Jun,0.3034356495502374,7.4002630395301e-15,0.30343564955023744,0.0050185410342189745,0.10522489310542961,0.1052248931054296
LA,Jul,0.3251943835746306,-7.104002378092984e-15,0.32519438357463054,0.00254206817668209,0.10442926260833661,0.1044292626083366
LA,Aug,0.32059333727374595,-2.5845313058939064e-15,0.32059333727374595,0.002947507620943075,0.10460261108150835,0.10460261108150834
LA,Sep,0.439350119349506,-8.857428421152351e-15,0.439350119349506,2.9014734697427716e-05,0.09920239674447626,0.09920239674447624
LA,Oct,0.23691893711829812,6.348185652596875e-16,0.2369189371182981,0.03001775884728824,0.10728747666528513,0.10728747666528511
LA,Nov,0.2477229706111678,-1.2650234295853084e-15,0.2477229706111678,0.023090431145705647,0.10698947576642924,0.10698947576642923
LA,Dec,0.18144363437642433,-3.0876672728443134e-15,0.18144363437642433,0.09857894109174886,0.10859851139573323,0.10859851139573322
MA,Jan,0.29625295065783197,-1.615846973923735e-15,0.29625295065783197,0.006214728133142047,0.10547420151719267,0.10547420151719265
MA,Feb,0.31087436872007784,-1.7319172960170942e-15,0.31087436872007784,0.003999532302049099,0.10495975575294661,0.1049597557529466
MA,Mar,0.28064176390209433,-1.1162411970644578e-15,0.2806417639020943,0.009716123954994016,0.10599356862414801,0.105993568624148
MA,Apr,0.31040390602750234,-1.406794938060285e-15,0.3104039060275023,0.004058043767217884,0.1049767346537869,0.10497673465378689
MA,May,0.24694007922601666,-2.7261988534348907e-18,0.24694007922601666,0.023541926545365712,0.10701154469699603,0.10701154469699602
MA,Jun,0.1590685976506924,2.76839357169691e-16,0.15906859765069237,0.1483840891627096,0.10902546028680318,0.10902546028680317
MA,Jul,0.35604889091774855,7.304015714996529e-16,0.35604889091774855,0.0008874043239418911,0.10319465310856986,0.10319465310856984
MA,Aug,0.47028815823594994,-3.315308785466006e-15,0.4702881582359498,6.365509316460799e-06,0.09745724817699389,0.09745724817699387
MA,Sep,0.4616600499178528,-4.834623033991559e-15,0.46166004991785276,9.863496925948542e-06,0.09795905057290247,0.09795905057290245
MA,Oct,0.12482516625526488,-3.0950913828268303e-15,0.12482516625526488,0.2579159035385629,0.10956781383086434,0.10956781383086432
MA,Nov,0.16811807073662224,-6.341530515977878e-16,0.16811807073662227,0.12635309826352678,0.1088597393769479,0.10885973937694789
MA,Dec,0.3751588299267135,-1.945760395305665e-15,0.3751588299267135,0.0004377369465307424,0.10236566761585282,0.1023656676158528
NE,Jan,0.3591983059816647,-2.022443638077637e-15,0.3591983059816647,0.0007921942365834252,0.10306146502415749,0.10306146502415747
NE,Feb,0.11054162846193337,-4.76959748333043e-16,0.11054162846193336,0.31681616572805443,0.10975474590421959,0.10975474590421957
NE,Mar,0.4264396194868042,-1.9964013394686884e-15,0.4264396194868041,5.2382064920437117e-05,0.09988708569887314,0.09988708569887313
NE,Apr,0.18912458442278673,1.20778066199655e-16,0.18912458442278673,0.08489407342193969,0.10843857942131811,0.1084385794213181
NE,May,0.1219094770770542,-8.557087169558718e-16,0.12190947707705417,0.26928810197668446,0.10960784195055813,0.10960784195055812
NE,Jun,0.3595883860592041,-2.139025679575276e-16,0.3595883860592042,0.0007810732631743509,0.10304487493979389,0.10304487493979388
NE,Jul,0.15943706606632208,-1.3337213811248767e-15,0.15943706606632208,0.1474342139113538,0.1090188964356674,0.10901889643566738
NE,Aug,0.08404467838823666,-3.535982221609172e-15,0.08404467838823665,0.44720282381805276,0.1100408179276139,0.11004081792761389
NE,Sep,0.40976644094711434,-2.2210969998722892e-15,0.40976644094711434,0.00010851621529341305,0.10073458629739104,0.10073458629739103
NE,Oct,-0.1257647675046556,5.455899449284129e-16,-0.1257647675046556,0.25432183023753663,0.1095547097569654,0.10955470975696538
NE,Nov,0.37165613304182715,-1.7570100539842744e-15,0.3716561330418272,0.0004999025586649396,0.10252136712284192,0.1025213671228419
NE,Dec,0.1837646123468501,-9.951785176388064e-16,0.1837646123468501,0.09427287324916558,0.10855090787551114,0.10855090787551112
DE,Jan,0.19374993011082625,-1.2809524664639296e-15,0.1937499301108262,0.07741019901529675,0.10833895345796206,0.10833895345796205
DE,Feb,0.23304694295172007,-2.17725635774442e-15,0.23304694295172004,0.03289398163252565,0.1073908477263138,0.10739084772631378
DE,Mar,0.2588730688624593,-1.117512610425853e-15,0.25887306886245925,0.01741886276276037,0.1066670643282704,0.10666706432827039
DE,Apr,0.41166611494598887,-3.897047147934613e-15,0.41166611494598887,0.00010006614942628504,0.10064008619255464,0.10064008619255463
DE,May,0.1606104101856405,-4.798553277809956e-16,0.16061041018564048,0.14443983969217816,0.1089978907907363,0.10899789079073628
DE,Jun,0.2347502897377393,4.236658345560447e-15,0.23475028973773923,0.03160136244132113,0.1073455953785311,0.10734559537853108
DE,Jul,0.4111097180712503,2.2677998526615326e-15,0.4111097180712502,0.00010247571305679426,0.1006678188525459,0.10066781885254589
DE,Aug,0.36281298739116424,-7.838932295196614e-15,0.36281298739116424,0.0006944472664947486,0.10290693973732389,0.10290693973732387
DE,Sep,0.3276135233161559,1.3197118453507125e-16,0.32761352331615584,0.002349636704274186,0.10433701137743646,0.10433701137743645
DE,Oct,0.2259911746417347,-1.5853597355337408e-15,0.2259911746417347,0.038731223576742316,0.10757459062708982,0.10757459062708981
DE,Nov,0.13889671980902624,-6.250857389274141e-16,0.1388967198090262,0.20765034850878153,0.10936109918501549,0.10936109918501548
DE,Dec,0.2693924762134427,-1.5239018901669287e-15,0.2693924762134427,0.0132112602415198,0.10634892489506634,0.10634892489506632
NY,Jan,0.2503259833927356,-1.353914675854453e-15,0.25032598339273565,0.021641952920385173,0.10691556402010566,0.10691556402010564
NY,Feb,0.28404693274639736,-1.5634985788215007e-15,0.28404693274639736,0.008831828385631941,0.10588289320347542,0.10588289320347541
NY,Mar,0.2764232052982176,-1.6381966048257287e-15,0.2764232052982176,0.010918344767710388,0.10612867314294104,0.10612867314294103
NY,Apr,0.29231241258474233,-1.1285904491486643e-15,0.29231241258474244,0.006972663999090326,0.10560819521096898,0.10560819521096897
NY,May,0.2903646940477635,-1.5432918520299173e-15,0.29036469404776344,0.007376535781014996,0.10567370074850575,0.10567370074850574
NY,Jun,0.1281345914743101,2.1047574694578764e-16,0.1281345914743101,0.24540945725044155,0.10952121558967644,0.10952121558967642
NY,Jul,0.24495590396867797,2.1680097373710125e-15,0.24495590396867792,0.024720009833027554,0.10706714357383228,0.10706714357383226
NY,Aug,0.32470708169785617,-6.091179695798794e-16,0.3247070816978561,0.0025825008248511454,0.10444775278644028,0.10444775278644026
NY,Sep,0.3930610584800855,-2.7740536789013695e-15,0.39306105848008543,0.00021686024785513825,0.10154315460748906,0.10154315460748904
NY,Oct,0.04570817177198326,-1.1541748380466493e-15,0.045708171771983254,0.679708353766671,0.11031610694556422,0.11031610694556421
NY,Nov,0.18140226106806623,-1.1121642757476843e-15,0.18140226106806623,0.09865707542683626,0.10859935428992074,0.10859935428992072
NY,Dec,0.32982140365643964,-1.808718379645985e-15,0.32982140365643964,0.00218554560827421,0.10425214752950353,0.10425214752950351
IN,Jan,0.19381217130564862,-1.0169614625017665e-15,0.19381217130564857,0.07731321320842105,0.10833759579034229,0.10833759579034227
IN,Feb,0.18094837732902475,-1.2781439125963394e-15,0.18094837732902472,0.09951743425030583,0.10860858816724783,0.10860858816724782
IN,Mar,0.2792417619081848,-1.4375196394987978e-15,0.2792417619081848,0.010101586559781122,0.10603865139807327,0.10603865139807325
IN,Apr,0.22868900010896048,-1.474874577573952e-15,0.22868900010896048,0.036404713590140046,0.10750503908944896,0.10750503908944894
IN,May,0.22333337133574405,-1.6061933450039583e-15,0.22333337133574402,0.04114318249361464,0.10764226010985958,0.10764226010985957
IN,Jun,0.25287905167187547,2.1766019800435025e-15,0.25287905167187547,0.020297398930039522,0.1068422694982229,0.10684226949822288
IN,Jul,0.1654924581159294,-9.16531550276491e-16,0.16549245811592941,0.13247043152201454,0.10890879190846041,0.1089087919084604
IN,Aug,0.16362079855848033,1.647110045834665e-15,0.16362079855848033,0.13696679161545164,0.1089432742458362,0.10894327424583619
IN,Sep,0.3069901128011527,-3.3557207236820145e-15,0.3069901128011527,0.004505959722670484,0.10509908626939926,0.10509908626939925
IN,Oct,-0.006316447037878209,-3.592286017907796e-16,-0.006316447037878209,0.9545258251686888,0.11042932308179133,0.11042932308179132
IN,Nov,0.23678496866151522,-1.2808892141403297e-15,0.23678496866151524,0.030113607554493313,0.10729108335965006,0.10729108335965004
IN,Dec,0.23908789782353843,-1.492012376078656e-15,0.23908789782353837,0.028501421215438996,0.10722878305766746,0.10722878305766745
UT,Jan,0.3337613603105646,-1.890211573761668e-15,0.33376136031056464,0.0019181442137025887,0.10409911754057924,0.10409911754057923
UT,Feb,0.3263000783870267,-1.855125486323194e-15,0.3263000783870268,0.002452425818670109,0.1043871931008348,0.10438719310083479
UT,Mar,0.4648146064830446,-2.343675724669643e-15,0.46481460648304457,8.415669396217433e-06,0.09777696007726654,0.09777696007726652
UT,Apr,0.3443073210220584,-1.9106493547110313e-15,0.3443073210220584,0.0013412554026739681,0.10367941140788527,0.10367941140788525
UT,May,0.26033331594466697,-2.124873372247781e-15,0.260333315944667,0.01677336275355954,0.10662371519308576,0.10662371519308575
UT,Jun,0.44595234255437805,-1.3077984519664572e-15,0.44595234255437805,2.1249387054638004e-05,0.09884247804203923,0.09884247804203922
UT,Jul,0.5640325986839878,-6.300909889557972e-16,0.5640325986839876,2.3101092107625736e-08,0.09118911116678166,0.09118911116678165
UT,Aug,0.4860735725476545,4.571487834690365e-16,0.4860735725476544,2.768359644043229e-06,0.0965080864848148,0.09650808648481479
UT,Sep,0.3754410965258957,-2.551351928814884e-15,0.3754410965258957,0.0004330494329306822,0.10235304653319917,0.10235304653319915
UT,Oct,0.13365282822288846,-7.706588776214108e-16,0.13365282822288843,0.2254969167007353,0.10944075808667288,0.10944075808667286
UT,Nov,0.35565966258295817,-1.810362776885155e-15,0.35565966258295817,0.0008998671263542237,0.10321102018652667,0.10321102018652666
UT,Dec,0.21285483568854852,-1.186815520583427e-15,0.21285483568854846,0.05190088524554796,0.10790085890636704,0.10790085890636703
SC,Jan,0.07626079801137076,-5.424637643737658e-16,0.07626079801137076,0.49052507151247593,0.11010993900148433,0.11010993900148432
SC,Feb,0.21208452042213716,-8.785212667719932e-16,0.21208452042213716,0.052775306489287035,0.10791935540346285,0.10791935540346284
SC,Mar,0.24978378735389176,-1.6271188800186764e-15,0.2497837873538917,0.02193708993680774,0.10693102743808833,0.10693102743808831
SC,Apr,0.17629589201288945,-3.8247055183079074e-16,0.17629589201288948,0.10867884429516325,0.10870186114026882,0.10870186114026881
SC,May,0.08864318461307985,-3.981977954439248e-15,0.08864318461307986,0.4226483636607957,0.10999680626304073,0.10999680626304072
SC,Jun,0.16091232302882016,4.567328920140293e-15,0.16091232302882014,0.1436768104080384,0.1089924602615776,0.10899246026157759
SC,Jul,0.40916008205094945,-1.287235961884787e-15,0.4091600820509495,0.00011134949445416435,0.10076463927148714,0.10076463927148713
SC,Aug,0.2893607513302012,-5.465756493733649e-15,0.28936075133020117,0.007592645245652123,0.10570727849444761,0.1057072784944476
SC,Sep,0.3541557154502745,3.0823619253241724e-15,0.3541557154502745,0.0009495328535257081,0.10327406878348695,0.10327406878348694
SC,Oct,0.23135638406755493,2.2677960146834804e-15,0.23135638406755488,0.03422054079919988,0.10743541585479398,0.10743541585479396
SC,Nov,0.12027098351624071,1.3157388957364539e-15,0.12027098351624069,0.27582486471728657,0.10962991460875265,0.10962991460875264
SC,Dec,0.20722957672698936,-2.929753054142399e-17,0.2072295767269893,0.05856843590889237,0.10803431605504965,0.10803431605504964
NM,Jan,0.30474936795355106,-1.7921911675711405e-15,0.30474936795355106,0.004823358554232603,0.10517858348333035,0.10517858348333034
NM,Feb,0.3249777847209233,-2.0483034234351358e-15,0.3249777847209234,0.002559969237462876,0.10443748506081432,0.10443748506081431
NM,Mar,0.43108170816860136,-3.130912806973321e-15,0.43108170816860125,4.247436075523968e-05,0.09964379001628883,0.09964379001628881
NM,Apr,0.33357986199652917,-2.7410291715233192e-15,0.33357986199652917,0.0019297827403010751,0.10410621192721337,0.10410621192721335
NM,May,0.33803914125499296,-2.6932549963053424e-15,0.3380391412549929,0.0016615176027912403,0.10393064872141185,0.10393064872141183
NM,Jun,0.44525873342157274,-4.734049032290299e-15,0.4452587334215727,2.196289883095347e-05,0.09888060429751465,0.09888060429751463
NM,Jul,0.49101454828932817,-1.6864942117004541e-15,0.4910145482893281,2.1148974663011623e-06,0.09620257547945803,0.09620257547945801
NM,Aug,0.41695981642973967,-2.2454341347465156e-15,0.41695981642973956,7.96266643701445e-05,0.10037396608117251,0.1003739660811725
NM,Sep,0.4086892590787983,7.508039330658302e-16,0.40868925907879816,0.0001135965329655932,0.10078793781352371,0.1007879378135237
NM,Oct,0.28399427666250315,-2.3139265658702287e-15,0.28399427666250315,0.008844946524366279,0.10588461568756893,0.10588461568756892
NM,Nov,0.3521156488309903,-2.9602576517816914e-15,0.3521156488309903,0.0010208868961128668,0.10335910463208113,0.10335910463208112
NM,Dec,0.250492712393391,-1.620506887407845e-15,0.250492712393391,0.021551881040059763,0.10691080172204885,0.10691080172204884
CO,Jan,0.3961667635115821,-2.2505054382586033e-15,0.396166763511582,0.00019119403939702386,0.10139586124044797,0.10139586124044796
CO,Feb,0.2325187950907622,-1.309256229415254e-15,0.23251879509076218,0.03330369039018793,0.10740480810475286,0.10740480810475285
CO,Mar,0.4915992685542359,-2.8951466983669395e-15,0.4915992685542358,2.048001272004262e-06,0.09616615189455485,0.09616615189455484
CO,Apr,0.2785888582890097,-1.503590496615062e-15,0.2785888582890097,0.01028587504741746,0.1060595925467644,0.10605959254676439
CO,May,0.25805324710601446,1.2417431003517394e-16,0.25805324710601446,0.01779054921462987,0.10669128714158128,0.10669128714158127
CO,Jun,0.40583285048610424,-3.57995765115966e-16,0.4058328504861041,0.00012815360355916816,0.10092859692088553,0.10092859692088552
CO,Jul,0.5146827914510348,-7.636852581870168e-15,0.5146827914510347,5.483643668693336e-07,0.09468185651678733,0.09468185651678732
CO,Aug,0.4731020244440426,-6.201752549798807e-15,0.4731020244440427,5.504039346141187e-06,0.09729101896654259,0.09729101896654258
CO,Sep,0.46612352994757905,-3.0541313983368263e-15,0.46612352994757894,7.875559347748764e-06,0.09770094083160406,0.09770094083160405
CO,Oct,0.09875578496405375,-9.45724264546061e-16,0.09875578496405375,0.3714626230125808,0.10989170361592991,0.1098917036159299
CO,Nov,0.39590957796939574,-1.8211697965212934e-15,0.3959095779693957,0.00019320796039686285,0.10140811087925228,0.10140811087925226
CO,Dec,0.24100564681938202,-1.336195538807757e-15,0.24100564681938205,0.02721514802719712,0.10717641475857496,0.10717641475857495
ND,Jan,0.3001873296967309,-2.0541664004143293e-15,0.3001873296967309,0.005531553842955011,0.10533845376953016,0.10533845376953015
ND,Feb,0.05850254097402325,-5.225300922614713e-16,0.05850254097402326,0.597080451186675,0.11024238553980545,0.11024238553980543
ND,Mar,0.2526507792478522,-1.385409637090587e-15,0.2526507792478521,0.02041463202590585,0.10684885516726098,0.10684885516726096
ND,Apr,0.09504979416944909,-7.637680564036241e-16,0.09504979416944911,0.3897658525720973,0.10993154946892339,0.10993154946892338
ND,May,0.2099491451438437,6.110654500019027e-16,0.20994914514384375,0.0552626288026811,0.10797026219160537,0.10797026219160535
ND,Jun,0.3603483635310584,-2.293869963036984e-15,0.36034836353105837,0.0007598142261909004,0.10301249373080969,0.10301249373080967
ND,Jul,0.1887992389690789,-2.5617645337859683e-15,0.1887992389690789,0.08544138633230587,0.10844549307307406,0.10844549307307405
ND,Aug,0.106453071450775,-8.170826265504588e-16,0.10645307145077494,0.3351554837185623,0.10980402407097489,0.10980402407097488
ND,Sep,0.3615087614830267,-9.072888519186144e-16,0.36150876148302674,0.0007283698260030238,0.10296289974566898,0.10296289974566897
ND,Oct,-0.24013447064092677,9.672005813580535e-16,-0.24013447064092674,0.02779323582016987,0.10720025914659716,0.10720025914659714
ND,Nov,0.19122703438803837,-1.0144106472712238e-15,0.19122703438803831,0.08142402133715815,0.1083936041965642,0.10839360419656419
ND,Dec,0.11464233468474973,-4.952490680082701e-16,0.11464233468474973,0.2990843742463094,0.10970343253951347,0.10970343253951345
MN,Jan,0.33214448535410346,-1.833595291575517e-15,0.33214448535410357,0.0020240911483088288,0.10416216489550212,0.1041621648955021
MN,Feb,0.11161898760221192,-6.092019475943902e-16,0.11161898760221195,0.3120933335351171,0.109741447892066,0.10974144789206598
MN,Mar,0.3474874049679131,-2.0144953803032787e-15,0.34748740496791314,0.0012011564598300144,0.10354994690843555,0.10354994690843554
MN,Apr,0.11977084325890211,-3.573743487629211e-16,0.11977084325890208,0.27784116000401304,0.10963659178111422,0.1096365917811142
MN,May,0.23778875001876323,-1.7464480061586235e-15,0.23778875001876318,0.02940168475943112,0.10726400700872242,0.1072640070087224
MN,Jun,0.3831088242802531,-1.8527297540817183e-15,0.383108824280253,0.0003220305985136254,0.10200595563427171,0.1020059556342717
MN,Jul,0.21804278575552152,-2.933017450836143e-15,0.21804278575552152,0.04631680924017549,0.10777445642772845,0.10777445642772844
MN,Aug,0.16522591695095254,8.940266822243443e-16,0.1652259169509525,0.13310381135663027,0.1089137271224517,0.10891372712245169
MN,Sep,0.4828593551441523,-2.809299556937206e-15,0.4828593551441523,3.2909224981726132e-06,0.09670465743757738,0.09670465743757736
MN,Oct,-0.18091284651465248,-2.1755148600055733e-16,-0.18091284651465245,0.09958503182769993,0.10860931000193837,0.10860931000193835
MN,Nov,0.2597201940418442,-1.4976075675990714e-15,0.2597201940418442,0.017041837765359214,0.10664194827454654,0.10664194827454652
MN,Dec,0.27032973603794397,-1.5159224721649094e-15,0.270329736037944,0.01288327206211854,0.1063199172432219,0.10631991724322189
KY,Jan,0.1667979114781303,-7.391198364056574e-16,0.16679791147813028,0.12940133909686302,0.10888450228626877,0.10888450228626875
KY,Feb,0.1946605785756264,-6.807053944557343e-16,0.19466057857562638,0.07600086922547501,0.10831904428802334,0.10831904428802333
KY,Mar,0.2697480820964867,-1.5113504245771866e-15,0.2697480820964867,0.013085974911340394,0.10633793188980506,0.10633793188980505
KY,Apr,0.2186872222280544,8.906952479774748e-17,0.21868722222805434,0.04565920990540556,0.10775853193735915,0.10775853193735914
KY,May,0.15996169059374765,-1.7569517637459237e-15,0.1599616905937477,0.14608966583223384,0.10900952394856403,0.10900952394856402
KY,Jun,0.16153022595904115,-6.158430846694138e-16,0.16153022595904115,0.14212463985501278,0.10898131335130747,0.10898131335130745
KY,Jul,0.14297125039630718,-1.1756236813085172e-15,0.14297125039630718,0.19449516300037478,0.10929704554729408,0.10929704554729407
KY,Aug,0.1564494828956523,-2.322505169245188e-15,0.15644948289565233,0.15526853722531977,0.10907166805349472,0.1090716680534947
KY,Sep,0.24904843595675966,-3.8368472251544745e-15,0.24904843595675966,0.022342855281439394,0.10695194251006725,0.10695194251006723
KY,Oct,0.07554468345863315,1.0726830512953953e-15,0.07554468345863315,0.4946189305353519,0.110115958879782,0.11011595887978198
KY,Nov,0.2577829278435268,-7.175559338807965e-16,0.25778292784352674,0.017914591222004374,0.10669925606710391,0.1066992560671039
KY,Dec,0.21947556789840444,-1.0149853194353486e-15,0.2194755678984045,0.04486528150972541,0.1077389842196358,0.10773898421963579
TX,Jan,0.29152846946541355,-1.5868026058470672e-15,0.29152846946541355,0.007132813902018211,0.10563461827999573,0.10563461827999572
TX,Feb,0.17983079603221594,-1.90102511196297e-15,0.17983079603221594,0.1016609101009182,0.10863122248019537,0.10863122248019536
TX,Mar,0.3295423731300752,-2.263143579409913e-15,0.3295423731300751,0.0022056978811347237,0.10426290785807739,0.10426290785807737
TX,Apr,0.240616524169151,-6.436837361894918e-16,0.240616524169151,0.02747208775601038,0.10718707650399202,0.10718707650399201
TX,May,0.34979029128973793,3.9077030611701965e-15,0.3497902912897379,0.00110813529483861,0.10345534868815774,0.10345534868815773
TX,Jun,0.39623481345545875,-3.1288210002888833e-15,0.39623481345545863,0.00019066441540516676,0.10139261847176047,0.10139261847176045
TX,Jul,0.3540270020882836,2.73820430841011e-16,0.3540270020882836,0.0009538971005063151,0.10327945052093909,0.10327945052093908
TX,Aug,0.3766189045373607,-5.900497984899778e-15,0.3766189045373606,0.000413982113788662,0.10230026349685203,0.10230026349685202
TX,Sep,0.3905760375312176,-7.657307151872099e-16,0.39057603753121756,0.00023964390673321157,0.10166002397436494,0.10166002397436492
TX,Oct,0.2885993992072217,-4.311343079476876e-16,0.28859939920722166,0.007760229462964796,0.10573265796667528,0.10573265796667526
TX,Nov,0.2669990047117982,-8.857373061474025e-16,0.2669990047117982,0.014081913484581302,0.10642250882185554,0.10642250882185553
TX,Dec,0.1959270510233164,-8.509009862661639e-17,0.19592705102331637,0.07407510011574112,0.10829119453186344,0.10829119453186342
AL,Jan,0.14929987481370965,-3.294188608565051e-16,0.14929987481370965,0.17526998259736778,0.10919380551651352,0.1091938055165135
AL,Feb,0.23724661126535454,-7.997288974301416e-16,0.23724661126535454,0.02978440608352147,0.10727864592386216,0.10727864592386215
AL,Mar,0.3417875479171035,-2.4505235837792657e-15,0.3417875479171035,0.001462593427920166,0.10378103544557776,0.10378103544557775
AL,Apr,0.16937100849595194,1.260887903070334e-16,0.16937100849595194,0.12351112689958478,0.10883605154369913,0.10883605154369912
AL,May,0.1749009017892321,-8.385897964988694e-16,0.17490090178923207,0.11154969715776226,0.10872933919540614,0.10872933919540613
AL,Jun,0.10548367634103871,1.048784097174397e-15,0.10548367634103868,0.33960023259404504,0.10981543241017583,0.10981543241017581
AL,Jul,0.22721131780306741,-9.7626860520512e-16,0.22721131780306736,0.03766409722929128,0.10754324241235867,0.10754324241235866
AL,Aug,0.21012591007800852,-1.2984485812077615e-15,0.21012591007800852,0.05505315429027394,0.10796606862602535,0.10796606862602534
AL,Sep,0.3615859510877698,3.2952669677623114e-15,0.36158595108776975,0.0007263208375526179,0.1029595942517609,0.10295959425176089
AL,Oct,0.23464682863670164,-1.3046267657142828e-15,0.23464682863670158,0.031678637438640335,0.10734835394757068,0.10734835394757067
AL,Nov,0.27919100055752666,-2.5467981564368366e-15,0.27919100055752677,0.010115810271694349,0.10604028141711323,0.10604028141711322
AL,Dec,0.23515224597521323,-3.5715305842840343e-16,0.23515224597521323,0.03130264580598656,0.10733486586111964,0.10733486586111962
NH,Jan,0.3174793590878435,-1.715959028604434e-15,0.31747935908784347,0.0032538370957351627,0.10471837123942813,0.10471837123942812
NH,Feb,0.2893086230667259,-1.6589862530366856e-15,0.28930862306672595,0.007604017004356182,0.10570901850323602,0.10570901850323601
NH,Mar,0.28935312410668657,-1.5984370027629156e-15,0.2893531241066865,0.007594308186133615,0.10570753310775945,0.10570753310775943
NH,Apr,0.392756848143008,-2.0863944883254746e-15,0.39275684814300793,0.000219537944252612,0.10155750853320895,0.10155750853320894
NH,May,0.28726599785848594,-3.2428565638946464e-15,0.28726599785848594,0.00806157816610139,0.10577693086560017,0.10577693086560015
NH,Jun,0.14486853441373929,-2.277945244471967e-15,0.14486853441373934,0.18857873647827872,0.10926657421504923,0.10926657421504922
NH,Jul,0.3279822428320129,-3.2258705266460273e-15,0.3279822428320129,0.002321485638814482,0.1043228834183473,0.10432288341834729
NH,Aug,0.43651278839833296,-3.916940937402902e-15,0.4365127883983329,3.310530653097624e-05,0.09935502893754004,0.09935502893754003
NH,Sep,0.4981542635610952,-2.0013041836655917e-15,0.49815426356109516,1.4225351043054051e-06,0.09575389756417504,0.09575389756417503
NH,Oct,0.10358643477502413,1.4014788505796126e-16,0.1035864347750241,0.34840602751020644,0.10983745476787674,0.10983745476787672
NH,Nov,0.17692266510071547,-7.7256855416457e-16,0.17692266510071547,0.1074077912270746,0.10868944181977114,0.10868944181977112
NH,Dec,0.3936858505928137,-2.229042051872212e-15,0.3936858505928138,0.00021145488197303844,0.10151363305313475,0.10151363305313474
OH,Jan,0.17755679742028033,-9.657752633239616e-16,0.17755679742028035,0.1061336057522347,0.10867683037166827,0.10867683037166825
OH,Feb,0.2149965017401889,-1.1749929195719345e-15,0.21499650174018883,0.049532119233317504,0.10784906482398589,0.10784906482398587
OH,Mar,0.2850271682083105,-2.0428035812987567e-15,0.2850271682083104,0.008590719283684942,0.10585076433144276,0.10585076433144275
OH,Apr,0.2550771769800729,-1.5800407335309974e-15,0.2550771769800728,0.01919771180547262,0.10677852813433554,0.10677852813433553
OH,May,0.2186514965514232,-4.830243710555254e-16,0.21865149655142319,0.04569546201919664,0.10775941603675852,0.10775941603675851
OH,Jun,0.20415469944741368,-6.8279631468207076e-18,0.20415469944741363,0.06249847889854625,0.10810568782522537,0.10810568782522535
OH,Jul,0.21513438208005578,2.659627587695562e-15,0.2151343820800558,0.049382719388979805,0.10784571170093357,0.10784571170093356
OH,Aug,0.24237121678503606,-4.893235954744537e-15,0.2423712167850359,0.026329501208170628,0.10713885413013717,0.10713885413013716
OH,Sep,0.3010664504256447,-2.4080062711009084e-15,0.3010664504256447,0.005388319840161989,0.10530785255667698,0.10530785255667696
OH,Oct,0.04467216491929368,-4.0955851577713524e-16,0.044672164919293676,0.6865849289691166,0.11032128234197762,0.1103212823419776
OH,Nov,0.24316906001437186,1.967754190532794e-16,0.2431690600143718,0.025823459886129645,0.10711680473543067,0.10711680473543066
OH,Dec,0.25484629859220265,-9.74736363644589e-16,0.2548462985922027,0.01931076141686087,0.10678525088242574,0.10678525088242573
MS,Jan,0.16129563801035812,-6.052803199231693e-16,0.16129563801035815,0.14271242887458319,0.10898555046084797,0.10898555046084796
MS,Feb,0.18449767648023604,-1.1631650353984174e-15,0.18449767648023602,0.09294403329951875,0.10853574253209226,0.10853574253209225
MS,Mar,0.32209545568249504,-1.5395351483405785e-15,0.3220954556824951,0.0028091908443171484,0.10454632054440852,0.1045463205444085
MS,Apr,0.13731371366134779,-2.1280099129391424e-15,0.13731371366134779,0.2129284059047423,0.10938547547273678,0.10938547547273676
MS,May,0.17711889846611475,-4.944270790027727e-15,0.1771188984661148,0.10701222803536388,0.10868554416218881,0.1086855441621888
MS,Jun,0.14758376065794904,-4.3523176333596325e-15,0.147583760657949,0.18033995264621042,0.10922225235562051,0.1092222523556205
MS,Jul,0.13158517814534068,2.8940578330650346e-15,0.13158517814534063,0.2328209848081957,0.1094713093548226,0.10947130935482259
MS,Aug,0.1666471140734718,1.4900990516848155e-15,0.16664711407347177,0.12975306627152322,0.10888731809127065,0.10888731809127064
MS,Sep,0.37461585430824557,2.1413085167242034e-15,0.37461585430824557,0.0004468849302768048,0.10238991481043953,0.10238991481043952
MS,Oct,0.1713543733326219,-9.152550284466845e-16,0.17135437333262188,0.11911284470770624,0.1087981840964283,0.10879818409642829
MS,Nov,0.24271270183037963,1.4949280783053615e-17,0.24271270183037963,0.026111890092964187,0.10712942618969876,0.10712942618969874
MS,Dec,0.20867168682857898,-1.3775540125419944e-15,0.20867168682857892,0.056795933618918916,0.10800045884704448,0.10800045884704447
WV,Jan,0.13974653306542914,-7.571302603397689e-16,0.1397465330654292,0.20485564139616114,0.10934789561003819,0.10934789561003817
WV,Feb,0.22448212553400815,-1.434184023865862e-15,0.22448212553400804,0.040085786640346205,0.10761311549156842,0.1076131154915684
WV,Mar,0.27077679365848967,-1.6519117867090906e-15,0.2707767936584896,0.012729333821669674,0.10630604278169131,0.1063060427816913
WV,Apr,0.2773840464444026,-2.750154268822274e-15,0.2773840464444026,0.010633666291025218,0.1060980960484171,0.10609809604841709
WV,May,0.15906708971247624,-2.136565600769529e-15,0.15906708971247624,0.14838798588252022,0.10902548711701533,0.10902548711701532
WV,Jun,0.15621520348077453,9.840304757322734e-16,0.1562152034807745,0.15589575751043164,0.10907576300731327,0.10907576300731325
WV,Jul,0.25379796436638696,-2.7683646292563478e-15,0.2537979643663869,0.019831288987165158,0.1068156945444724,0.10681569454447239
WV,Aug,0.30519411025524007,-2.2096883822168846e-15,0.3051941102552401,0.004758826361305183,0.1051628559962439,0.10516285599624389
WV,Sep,0.2786709248434371,-1.4183041913379164e-15,0.27867092484343703,0.010262550725351547,0.10605696327497117,0.10605696327497116
WV,Oct,0.11042169366416228,1.799006815458888e-15,0.11042169366416225,0.31734475706467546,0.10975621820088474,0.10975621820088473
WV,Nov,0.2550377032627387,-1.049820824709924e-15,0.2550377032627388,0.019216999777740364,0.10677967799681387,0.10677967799681386
WV,Dec,0.22190596145871844,-1.7528550106730283e-15,0.22190596145871838,0.04248928533968349,0.10767825517451439,0.10767825517451438
MO,Jan,0.2513040095183427,-1.2404275387844432e-15,0.25130400951834264,0.021118152468891975,0.10688758026372479,0.10688758026372477
MO,Feb,0.13428602878756543,-7.689105036724257e-16,0.1342860287875654,0.22328663679741828,0.10943130501806554,0.10943130501806553
MO,Mar,0.31185655853948907,-1.1148879828662283e-15,0.311856558539489,0.003879794455955588,0.10492421695494619,0.10492421695494618
MO,Apr,0.1548707986952667,-8.310729576526805e-16,0.1548707986952667,0.15953157056506315,0.10909914017408887,0.10909914017408885
MO,May,0.17587478622317054,-2.7512365350891314e-15,0.17587478622317054,0.10953935690912146,0.10871017967743149,0.10871017967743148
MO,Jun,0.31590091260604075,-3.578657289153563e-15,0.3159009126060408,0.003419732573427799,0.10477656909770536,0.10477656909770534
MO,Jul,0.09227904975684395,-6.954170339736996e-16,0.09227904975684394,0.40379529648395307,0.10996033525310522,0.10996033525310521
MO,Aug,0.04119794626353535,2.291573125962558e-15,0.041197946263535346,0.7098289947382435,0.11033777017466818,0.11033777017466817
MO,Sep,0.2672784966405191,-2.4452047315457508e-15,0.26727849664051906,0.01397774650532519,0.10641395271352758,0.10641395271352756
MO,Oct,-0.0921960631642872,-1.3939841938714282e-15,-0.0921960631642872,0.40422001729561985,0.10996118416796917,0.10996118416796916
MO,Nov,0.2770930687280367,-1.4109738438238567e-15,0.27709306872803663,0.010719185421460258,0.10610736803816379,0.10610736803816377
MO,Dec,0.2260197928192468,-9.775403820270777e-16,0.22601979281924675,0.03870590864346796,0.1075738573993692,0.10757385739936919
PA,Jan,0.21832763404356387,-1.2173981885225329e-15,0.2183276340435638,0.04602518400712932,0.10776742370657716,0.10776742370657715
PA,Feb,0.288183955390575,-1.694995682688054e-15,0.288183955390575,0.007853039316495655,0.10574647591749249,0.10574647591749248
PA,Mar,0.3020459644508351,-1.3092045142412965e-15,0.3020459644508351,0.005232608733643833,0.10527364083946719,0.10527364083946718
PA,Apr,0.2973422183359057,-3.252904426143927e-15,0.29734221833590574,0.006018495266681256,0.10543681527139452,0.10543681527139451
PA,May,0.23893645618602907,-1.6914027543035872e-15,0.23893645618602902,0.02860515008928073,0.10723289959215979,0.10723289959215977
PA,Jun,0.20350414229453642,3.728293948418978e-16,0.20350414229453637,0.06335680645131889,0.10812064535536474,0.10812064535536473
PA,Jul,0.3378715499551673,-1.3659984693784013e-15,0.33787154995516727,0.0016709567102247,0.10393729440123943,0.10393729440123942
PA,Aug,0.3973479583920911,1.4472719741138394e-15,0.39734795839209097,0.00018219083640403145,0.10133948018139133,0.10133948018139131
PA,Sep,0.36267710857222374,-5.4055950391051014e-15,0.36267710857222374,0.0006979129452941397,0.10291278067288584,0.10291278067288583
PA,Oct,0.10541414555308236,-1.0067224929329403e-15,0.10541414555308233,0.33992045602021126,0.10981624662763648,0.10981624662763646
PA,Nov,0.23223502606656674,-1.6744405996794721e-15,0.23223502606656668,0.03352558750681098,0.10741229506018328,0.10741229506018327
PA,Dec,0.307821319861462,-1.8179486228226924e-15,0.30782131986146194,0.004393029196247429,0.10506943320088609,0.10506943320088608
KS,Jan,0.35105160944216895,-1.9260336774159796e-15,0.3510516094421689,0.0010600047589375899,0.10340323434037038,0.10340323434037037
KS,Feb,0.14189991153940548,-8.180662840111414e-16,0.14189991153940545,0.19789446555231943,0.10931407063076183,0.10931407063076182
KS,Mar,0.3694323385943036,-2.335132652819704e-15,0.3694323385943035,0.0005434580782787882,0.10261933845235663,0.10261933845235661
KS,Apr,0.17649282435273528,-2.453343958361097e-15,0.17649282435273525,0.10827822679316294,0.10869796388651036,0.10869796388651035
KS,May,0.1706594010533071,-4.871076394799192e-16,0.17065940105330707,0.12064008115451468,0.10881150454957882,0.1088115045495788
KS,Jun,0.37358627642351344,-1.5207114195123017e-15,0.37358627642351344,0.000464713584651104,0.10243577964778204,0.10243577964778203
KS,Jul,0.18331413041760286,-1.0782408608898554e-15,0.18331413041760286,0.09509685788905008,0.10856019627148296,0.10856019627148294
KS,Aug,0.0905426900030091,1.1620142766889829e-15,0.0905426900030091,0.41273645141968274,0.10997793688309128,0.10997793688309127
KS,Sep,0.34392863726762074,2.8150361957242544e-15,0.34392863726762074,0.0013588884151802066,0.10369473799872801,0.103694737998728
KS,Oct,-0.03848634816708276,4.1794647114928323e-16,-0.038486348167082754,0.7281580937919434,0.11034971023450206,0.11034971023450205
KS,Nov,0.3719971315577131,-2.2254736046408486e-15,0.3719971315577131,0.0004935136352471823,0.10250628381171671,0.1025062838117167
KS,Dec,0.22996470872139194,-1.1899090026450254e-15,0.22996470872139196,0.035345980430919736,0.10747184729163563,0.10747184729163561
MD,Jan,0.20083783477010797,-6.279928500605232e-16,0.20083783477010794,0.06697507528270888,0.1081814286914244,0.10818142869142439
MD,Feb,0.2574943154566129,-1.2644461744190773e-15,0.2574943154566129,0.018047847574369096,0.10670775439326241,0.1067077543932624
MD,Mar,0.28778164987643273,-1.6980343264772962e-15,0.2877816498764328,0.007943842774315622,0.10575983619101911,0.1057598361910191
MD,Apr,0.38673278301808933,7.519618975049041e-17,0.38673278301808933,0.0002792520828606795,0.10183905011598157,0.10183905011598156
MD,May,0.17708688361666025,-2.2200803945628846e-15,0.17708688361666022,0.10707668545774815,0.10868618035712369,0.10868618035712367
MD,Jun,0.2596791431470744,7.257112672361709e-16,0.2596791431470744,0.017059944658887802,0.10664316740342142,0.1066431674034214
MD,Jul,0.4055455297296977,-1.6820493406814302e-15,0.4055455297296977,0.00012970960286535108,0.1009426801436762,0.10094268014367619
MD,Aug,0.4048272691648712,-3.016250865513513e-15,0.4048272691648712,0.00013367613417305358,0.10097783396831744,0.10097783396831743
MD,Sep,0.34679800005788364,-3.4552545272640815e-15,0.3467980000578836,0.0012303495140883257,0.10357812811521486,0.10357812811521484
MD,Oct,0.18911617708715484,-2.4472265440625958e-15,0.18911617708715478,0.08490818155812506,0.10843875823415319,0.10843875823415318
MD,Nov,0.18137611738932513,-1.7434575269223386e-15,0.18137611738932516,0.09870647331423503,0.10859988680993818,0.10859988680993816
MD,Dec,0.27784735957332646,-1.6610240118210264e-15,0.27784735957332646,0.01049872622165225,0.1060833108399134,0.10608331083991339
AZ,Jan,0.3804787431111387,-2.8352507192203517e-15,0.3804787431111387,0.0003567602548601005,0.10212593409672628,0.10212593409672627
AZ,Feb,0.31765201995081904,-3.3148520176816516e-15,0.317652019950819,0.0032361342758536597,0.10471198560588182,0.10471198560588181
AZ,Mar,0.39813973873329106,-2.309442075888873e-15,0.39813973873329106,0.00017637655885385122,0.10130157514734894,0.10130157514734893
AZ,Apr,0.3966160750298913,-2.6313511756118735e-15,0.3966160750298912,0.0001877220510827231,0.10137443807717014,0.10137443807717013
AZ,May,0.316478054730876,-1.7652139213333515e-15,0.3164780547308759,0.003358218071427023,0.10475532705901401,0.104755327059014
AZ,Jun,0.5263386658015362,-3.4884263189851703e-15,0.5263386658015363,2.7146799163588494e-07,0.09389716799297364,0.09389716799297362
AZ,Jul,0.526044904292361,-1.8240935948854217e-15,0.526044904292361,2.76410993163084e-07,0.09391724163559917,0.09391724163559916
AZ,Aug,0.5122497860117738,2.886854650491766e-15,0.5122497860117738,6.329714861745582e-07,0.09484262682239379,0.09484262682239378
AZ,Sep,0.41951500440014683,-4.165595697221891e-15,0.41951500440014683,7.121440101780162e-05,0.10024404130963162,0.1002440413096316
AZ,Oct,0.3107011047684092,-1.0304512150450146e-15,0.3107011047684091,0.004020993114428485,0.10496601212376774,0.10496601212376773
AZ,Nov,0.4271349522598282,-2.5428423628041387e-15,0.4271349522598283,5.077241483576999e-05,0.09985084807082684,0.09985084807082682
AZ,Dec,0.27315079001094783,-7.307402568843222e-16,0.27315079001094794,0.011938367146562833,0.10623195088684159,0.10623195088684158
OK,Jan,0.36385045517230724,-1.3750372857114632e-15,0.3638504551723074,0.0006684990718209804,0.10286225968117921,0.1028622596811792
OK,Feb,0.1436758454255015,-7.724792689890146e-16,0.1436758454255015,0.1922825671081389,0.10928577727745457,0.10928577727745456
OK,Mar,0.3617052606477839,-1.2804437959908019e-15,0.3617052606477839,0.0007231641173131208,0.10295448345582191,0.1029544834558219
OK,Apr,0.1410699863372388,6.021122458578484e-17,0.14106998633723877,0.20055694720255499,0.10932716948340793,0.10932716948340791
OK,May,0.2268732197804193,-1.5294640320326605e-16,0.22687321978041924,0.03795730596227335,0.10755194673128242,0.1075519467312824
OK,Jun,0.35405647240263866,1.0435425469270617e-15,0.3540564724026387,0.0009528962525582807,0.1032782185114557,0.10327821851145569
OK,Jul,0.22288708966068935,-5.240340720994539e-15,0.22288708966068932,0.04156017955281908,0.10765354011050562,0.10765354011050561
OK,Aug,0.18408829640017976,-1.834941348575256e-15,0.18408829640017982,0.09368429323868019,0.10854421933178804,0.10854421933178802
OK,Sep,0.332539365195296,-3.187894969227709e-15,0.3325393651952961,0.001997741057373455,0.10414679898570875,0.10414679898570874
OK,Oct,0.04605980968652218,-2.035288278581869e-16,0.04605980968652218,0.6773802280316665,0.11031432330389208,0.11031432330389207
OK,Nov,0.32871722638914935,-1.6941691874427583e-15,0.32871722638914935,0.002266273709785909,0.10429466844843314,0.10429466844843313
OK,Dec,0.22008889623617917,-1.6078882316675673e-15,0.2200888962361791,0.044255543533583144,0.10772372509440023,0.10772372509440022
VT,Jan,0.2953637248584788,-1.6135212593297234e-15,0.2953637248584787,0.00637909303405428,0.1055046103511032,0.10550461035110319
VT,Feb,0.286918059998512,-1.7804402894779395e-15,0.28691805999851194,0.008141884285373279,0.10578844667235589,0.10578844667235587
VT,Mar,0.28117648332791434,-1.576535425369108e-15,0.28117648332791434,0.009572331740434311,0.10597628503834536,0.10597628503834534
VT,Apr,0.3805450215037547,-2.335359882881401e-15,0.3805450215037546,0.000355844413615599,0.10212292250080873,0.10212292250080872
VT,May,0.3045962184146191,-2.505710997761209e-15,0.30459621841461904,0.004845759794238858,0.10518399348038598,0.10518399348038597
VT,Jun,0.1418216365243922,-2.651607494753654e-16,0.1418216365243922,0.19814448998359022,0.10931530940768025,0.10931530940768024
VT,Jul,0.28192646906828034,2.656801878753043e-16,0.28192646906828034,0.009373791066248801,0.10595198325925484,0.10595198325925483
VT,Aug,0.40284178653878594,-1.1237242267470383e-15,0.40284178653878583,0.00014523181227715985,0.1010746219757438,0.10107462197574378
VT,Sep,0.47114363633321416,-2.3156018034482073e-15,0.47114363633321404,6.091057459175426e-06,0.09740684567661186,0.09740684567661184
VT,Oct,0.09320030693372781,-1.258320032451348e-15,0.09320030693372784,0.3990979925172411,0.10995085946643633,0.10995085946643632
VT,Nov,0.16405289299287804,-4.905013321090924e-16,0.16405289299287804,0.13591863280024788,0.10893534938269621,0.1089353493826962
VT,Dec,0.3720788472125117,-2.1162296333491304e-15,0.3720788472125118,0.0004919937575033954,0.10250266691694156,0.10250266691694154
VA,Jan,0.14608378968686167,-8.321944493253091e-16,0.14608378968686167,0.1848582349283576,0.1092468410209541,0.10924684102095408
VA,Feb,0.25300357744307156,-1.2287778274112948e-15,0.2530035774430715,0.02023369000681598,0.10683867424601655,0.10683867424601654
VA,Mar,0.27084586521999116,-6.174113048201055e-16,0.27084586521999116,0.012705693037482159,0.106303896935042,0.10630389693504198
VA,Apr,0.28791827973374234,-2.050368455329559e-15,0.28791827973374234,0.007912901402414761,0.10575530109501417,0.10575530109501416
VA,May,0.11029757046471435,-1.4926395145347585e-15,0.11029757046471432,0.3178924053428818,0.10975774020983901,0.109757740209839
VA,Jun,0.19657037350264167,2.417384557487382e-16,0.19657037350264167,0.07311198188546127,0.10827697592460936,0.10827697592460934
VA,Jul,0.42105732065530854,9.750090717516398e-17,0.42105732065530843,6.654411908665778e-05,0.10016515220439164,0.10016515220439162
VA,Aug,0.38231257740956126,-6.653640301258757e-16,0.38231257740956115,0.0003322021429539379,0.10204238079098997,0.10204238079098996
VA,Sep,0.3188107096214626,1.167146167703214e-15,0.3188107096214626,0.003119546434335441,0.10466903305592205,0.10466903305592204
VA,Oct,0.214116049525656,9.9221866517389e-16,0.21411604952565602,0.050494929361401486,0.10787042347274506,0.10787042347274504
VA,Nov,0.20271177628385328,-8.578658816756686e-16,0.20271177628385323,0.0644151205613435,0.10813879607492724,0.10813879607492723
VA,Dec,0.246998413086242,-1.4542722720879251e-15,0.24699841308624199,0.023508027932752938,0.10700990288872622,0.10700990288872621
WA,Jan,0.4687755991053323,-2.6394009108169527e-15,0.4687755991053322,6.879383554473153e-06,0.09754607652243102,0.09754607652243101
WA,Feb,0.27734591884764614,-1.071720152950936e-15,0.27734591884764614,0.010644838080918784,0.10609931158247476,0.10609931158247475
WA,Mar,0.4745109515699541,-3.5226217488444108e-15,0.47451095156995415,5.115057297160975e-06,0.09720730656319228,0.09720730656319226
WA,Apr,0.38502644271649494,-2.5963250065818336e-15,0.38502644271649483,0.00029869726751024074,0.10191786736345908,0.10191786736345906
WA,May,0.419088997488178,-3.473290810227642e-15,0.419088997488178,7.255701253022241e-05,0.1002657695269606,0.10026576952696059
WA,Jun,0.33547890454250023,-9.058954755723717e-16,0.33547890454250023,0.0018110991882199215,0.10403176722889915,0.10403176722889913
WA,Jul,0.4205842691882841,-7.140191746429839e-16,0.42058426918828407,6.79454095619918e-05,0.10018938606163227,0.10018938606163226
WA,Aug,0.5111994192875069,-3.0284652361904433e-15,0.5111994192875071,6.731896781297448e-07,0.0949117146718603,0.09491171467186028
WA,Sep,0.23729001316711687,-6.817624185705604e-16,0.2372900131671169,0.02975361259314527,0.1072774752828514,0.10727747528285139
WA,Oct,0.17467491446713065,-2.1484474759658072e-15,0.17467491446713068,0.11202025083638527,0.10873376942273653,0.10873376942273652
WA,Nov,0.3366712249349708,-1.805362657022438e-15,0.3366712249349709,0.0017399892676716242,0.10398478349638506,0.10398478349638504
WA,Dec,0.18012417190831453,-1.051493546768005e-15,0.1801241719083145,0.10109476537803244,0.10862529478442948,0.10862529478442946
TN,Jan,0.17378807582063838,-7.808251196009901e-16,0.17378807582063843,0.11388169852278263,0.10875109781910472,0.1087510978191047
TN,Feb,0.1976337767260582,-9.510852528788896e-16,0.1976337767260582,0.07154203357107614,0.10825336643765542,0.1082533664376554
TN,Mar,0.297300323058609,-1.0824486358730275e-15,0.297300323058609,0.006025940218323234,0.1054382559992413,0.10543825599924128
TN,Apr,0.1946832704345566,-1.9159553142399752e-15,0.19468327043455658,0.07596601520143467,0.10831854694535238,0.10831854694535237
TN,May,0.17244829174674692,-1.4206998705844237e-15,0.17244829174674692,0.11673909078903563,0.10877710408936546,0.10877710408936545
TN,Jun,0.19807868479420163,2.943443532151595e-15,0.19807868479420165,0.0708932941202831,0.10824344933878689,0.10824344933878688
TN,Jul,0.1903964375157785,9.560855575274221e-16,0.19039643751577848,0.08278115469085921,0.108411433819034,0.10841143381903398
TN,Aug,0.17582070654775275,-9.942376912291922e-16,0.17582070654775275,0.10965024852234186,0.1087112464815567,0.10871124648155668
TN,Sep,0.30017369368409674,-1.981397026473128e-15,0.3001736936840967,0.005533801850321496,0.1053389276492468,0.10533892764924678
TN,Oct,0.14827902978982122,8.499500865669955e-16,0.14827902978982124,0.17827316275755561,0.10921076788042272,0.10921076788042271
TN,Nov,0.2847169734013081,-1.7628535715058388e-15,0.28471697340130814,0.00866638576064598,0.10586094451622977,0.10586094451622975
TN,Dec,0.2349939246249706,-8.00357549169876e-16,0.23499392462497054,0.03142001836454249,0.10733909429133827,0.10733909429133826
AR,Jan,0.24549343561769235,-1.9851134569370864e-15,0.2454934356176923,0.02439600962702336,0.10705212846157676,0.10705212846157675
AR,Feb,0.12476883658625167,-5.518372017103914e-16,0.12476883658625168,0.25813246343067103,0.10956859625628189,0.10956859625628187
AR,Mar,0.31029919333568956,-1.7855359907853944e-15,0.3102991933356895,0.0040711701799875325,0.10498050984124188,0.10498050984124187
AR,Apr,0.12829958818788306,-2.7942025794448563e-15,0.12829958818788303,0.24479705149525305,0.1095188599233595,0.10951885992335948
AR,May,0.18723935314044693,6.517738749402707e-15,0.18723935314044698,0.08810450600801238,0.10847846951913538,0.10847846951913537
AR,Jun,0.2667331889793446,3.144643377699336e-15,0.26673318897934456,0.014181606534379639,0.10643063731707338,0.10643063731707336
AR,Jul,0.14078249728925069,-2.7177048951738774e-15,0.1407824972892507,0.20148519775456666,0.10933168869049201,0.109331688690492
AR,Aug,0.13099632414488366,9.650316809093867e-16,0.13099632414488366,0.23493680153217525,0.10947992148360004,0.10947992148360003
AR,Sep,0.33163150016804727,6.325894476167364e-17,0.3316315001680472,0.0020587896486584296,0.10418209598162968,0.10418209598162967
AR,Oct,0.04068263073804959,4.22860651778951e-17,0.04068263073804959,0.7132999934369146,0.11034010192196292,0.1103401019219629
AR,Nov,0.23961095246747538,-1.5834887726877556e-15,0.23961095246747532,0.028145601273119426,0.10721454394068987,0.10721454394068985
AR,Dec,0.22197892737749272,-1.6290235099377807e-15,0.22197892737749275,0.04241959990328682,0.10767642107769777,0.10767642107769776
NC,Jan,0.09747202777868441,-6.715682685196168e-16,0.09747202777868438,0.37774275156721115,0.10990568039430677,0.10990568039430676
NC,Feb,0.2306449215132607,-1.5584976803249977e-15,0.23064492151326063,0.0347920823427604,0.10745406960821721,0.1074540696082172
NC,Mar,0.2312823823696219,9.531239386909406e-16,0.23128238236962184,0.03427961944166238,0.10743735892485992,0.10743735892485991
NC,Apr,0.2112616133227159,-1.7237720525161902e-15,0.2112616133227159,0.053722741102366973,0.10793903714915369,0.10793903714915368
NC,May,0.08846971482296455,1.2502565725154843e-15,0.08846971482296455,0.4235603241946191,0.10999850938896595,0.10999850938896594
NC,Jun,0.18425483437194587,-8.330563715650015e-17,0.18425483437194584,0.09338259348549584,0.108540773276882,0.10854077327688198
NC,Jul,0.4038505672403944,-2.715819610104188e-16,0.40385056724039436,0.00013924997816020622,0.10102551714244133,0.10102551714244132
NC,Aug,0.347000342776274,3.400563627964256e-15,0.34700034277627395,0.0012217152763287307,0.1035698634310964,0.10356986343109639
NC,Sep,0.30122753234128746,-7.359972428784706e-15,0.30122753234128746,0.005362434250710277,0.10530223480821581,0.1053022348082158
NC,Oct,0.21665650899395314,-2.1385323670988035e-15,0.21665650899395314,0.047757948831375234,0.10780854513343195,0.10780854513343194
NC,Nov,0.14482477541796582,-1.0828892682916234e-15,0.14482477541796582,0.18871370827746764,0.10926728162836705,0.10926728162836703
NC,Dec,0.22394444054052992,-1.4206058216096178e-15,0.22394444054052995,0.040577859390488275,0.10762677649597473,0.10762677649597471
IA,Jan,0.29843736090971357,-1.6809214892040165e-15,0.29843736090971357,0.00582674747657422,0.10539907562035326,0.10539907562035325
IA,Feb,0.13572974639449614,-7.241104115206691e-16,0.13572974639449614,0.21830413277301017,0.10940958155435294,0.10940958155435293
IA,Mar,0.37427798420079234,-1.986519172969217e-15,0.3742779842007923,0.0004526653656762371,0.1024049821662532,0.10240498216625318
IA,Apr,0.18497486986900563,-9.411436574594848e-16,0.18497486986900566,0.09208697535647252,0.10852583695504035,0.10852583695504034
IA,May,0.20183893643438974,-1.4054564697826974e-15,0.20183893643438974,0.06559744958480442,0.10815870474192836,0.10815870474192835
IA,Jun,0.36266614702586436,-1.6750522524924085e-15,0.3626661470258645,0.0006981932132360607,0.10291325176002417,0.10291325176002415
IA,Jul,0.12443136544857471,-1.8587589313181046e-15,0.1244313654485747,0.25943246548881294,0.10957327625576409,0.10957327625576407
IA,Aug,0.0717028145103246,7.980924125941767e-16,0.07170281451032462,0.5168845122386829,0.1101472798060595,0.11014727980605948
IA,Sep,0.39487073568413017,-1.3051907048167463e-15,0.39487073568413006,0.0002015434712294707,0.10145749453019628,0.10145749453019627
IA,Oct,-0.1613498395238589,1.4342853908614648e-15,-0.16134983952385884,0.14257645787576598,0.108984572038925,0.10898457203892499
IA,Nov,0.28083416083664625,-1.6750712351808266e-15,0.2808341608366463,0.009664170037977551,0.1059873539457844,0.10598735394578439
IA,Dec,0.24723353944505402,-1.3075564503807261e-15,0.247233539445054,0.02337181398206761,0.10700328106283967,0.10700328106283966
NV,Jan,0.3346297197549191,-1.7159745253358395e-15,0.33462971975491906,0.0018633315776927684,0.10406511509022026,0.10406511509022025
NV,Feb,0.2902104351489751,-1.5701854100135657e-15,0.29021043514897504,0.007409385410435236,0.10567886832924217,0.10567886832924216
NV,Mar,0.3778801627061168,-2.02440885208898e-15,0.3778801627061169,0.0003944195024482365,0.10224352699608899,0.10224352699608898
NV,Apr,0.3245426250381136,-2.4093375689526533e-15,0.32454262503811354,0.002596275892478592,0.1044539859327361,0.10445398593273608
NV,May,0.1987815643972578,1.2100313572343556e-16,0.19878156439725775,0.06987805181966521,0.10822773469299724,0.10822773469299722
NV,Jun,0.40829418831203523,-1.2480331955498504e-15,0.40829418831203523,0.00011551434841665183,0.10080746293212815,0.10080746293212814
NV,Jul,0.5900839025950317,-4.1010511655553885e-15,0.5900839025950316,3.4858527598496382e-09,0.08915600111795119,0.08915600111795118
NV,Aug,0.5202346361386605,-7.598488031364532e-15,0.5202346361386606,3.935931715778517e-07,0.09431110449591787,0.09431110449591786
NV,Sep,0.36872082970989006,4.722390890853206e-16,0.3687208297098901,0.000558109791490232,0.1026505408334065,0.10265054083340648
NV,Oct,0.17151977128121393,-1.3576251141503325e-15,0.1715197712812139,0.11875157495894169,0.1087950057172663,0.10879500571726629
NV,Nov,0.31336460821555273,-1.8991495724392133e-15,0.3133646082155528,0.003702164793929366,0.10486940905286202,0.104869409052862
NV,Dec,0.18908774594098304,-9.72057077474207e-16,0.189087745940983,0.08495590493192069,0.10843936286570025,0.10843936286570023
WI,Jan,0.3097928023107026,-1.5725568574432417e-15,0.30979280231070266,0.0041351848134618605,0.10499874677745034,0.10499874677745033
WI,Feb,0.1779581962789267,-1.0103125398023404e-15,0.17795819627892673,0.1053331608367041,0.10866882338247298,0.10866882338247297
WI,Mar,0.3706529660642507,-2.082488600240306e-15,0.3706529660642508,0.0005191391817021163,0.10256564695817236,0.10256564695817234
WI,Apr,0.156042274619266,-1.270308907125392e-15,0.156042274619266,0.15635993729807965,0.10907878158399707,0.10907878158399706
WI,May,0.22775013625656185,1.2702437301835058e-15,0.22775013625656187,0.03720072814360106,0.10752934230490681,0.1075293423049068
WI,Jun,0.3311026344281637,-7.770265097518555e-16,0.3311026344281637,0.00209512214564229,0.10420260784356189,0.10420260784356188
WI,Jul,0.22230230031278056,-2.833634460969394e-16,0.22230230031278053,0.04211190660561084,0.10766828502824087,0.10766828502824086
WI,Aug,0.1739827517952776,-5.555871998694405e-15,0.1739827517952776,0.11347104528204935,0.10874730173707496,0.10874730173707495
WI,Sep,0.4679992297934296,4.854572516905205e-16,0.4679992297934294,7.1580283902699475e-06,0.09759152807797716,0.09759152807797715
WI,Oct,-0.1558725881767356,-3.624358712472932e-16,-0.1558725881767356,0.15681641315033334,0.10908174023131136,0.10908174023131134
WI,Nov,0.26155420919777683,-1.6043399366785658e-15,0.2615542091977769,0.016249593861037807,0.10658727076169049,0.10658727076169047
WI,Dec,0.3179544836625029,-2.083401648191586e-15,0.3179544836625029,0.0032053303431858766,0.10470079007779048,0.10470079007779047
ME,Jan,0.2904263954055149,-1.395606910162295e-15,0.29042639540551485,0.007363432343278786,0.10567163295032077,0.10567163295032075
ME,Feb,0.21930476359396037,-1.1085319705496358e-15,0.21930476359396034,0.045036318541846775,0.10774322573153522,0.1077432257315352
ME,Mar,0.24254852247840525,-1.531176181928817e-15,0.24254852247840522,0.02621632206379546,0.10713396072000418,0.10713396072000417
ME,Apr,0.4080295142443895,-2.7321383068967267e-15,0.4080295142443895,0.00011681588782827155,0.1008205309318692,0.10082053093186918
ME,May,0.3323860156704232,-2.022625551509139e-15,0.33238601567042314,0.0020079370562111143,0.10415276869420026,0.10415276869420025
ME,Jun,0.1737298870903163,-2.6546621549379167e-15,0.1737298870903163,0.11400466565459154,0.10875223161890753,0.10875223161890751
ME,Jul,0.3565073749240841,-1.117245424719158e-15,0.3565073749240841,0.0008729255553646761,0.10317534752491536,0.10317534752491535
ME,Aug,0.45091398581208236,-7.420840820323259e-16,0.45091398581208225,1.674284484471399e-05,0.09856758096383277,0.09856758096383275
ME,Sep,0.5422799436693501,-2.480502049574359e-15,0.54227994366935,9.934083816833445e-08,0.0927843331165216,0.09278433311652158
ME,Oct,0.21515700410733724,-1.2763385763173309e-15,0.21515700410733724,0.049358242828688115,0.10784516133879024,0.10784516133879023
ME,Nov,0.22126572725705745,-1.2212605197533677e-15,0.22126572725705748,0.043104819805181764,0.1076943211323767,0.10769432113237669
ME,Dec,0.38359057981252903,-2.2439999216575283e-15,0.38359057981252903,0.0003160162079958706,0.10198387408867746,0.10198387408867744
FL,Jan,0.08028726182108978,-2.1603690130416454e-16,0.0802872618210898,0.46784349311703766,0.11007502738372452,0.1100750273837245
FL,Feb,0.31021802159281653,-1.3370281010571652e-15,0.31021802159281653,0.004081371593125388,0.10498343534141871,0.1049834353414187
FL,Mar,0.29202162578124236,-3.968607762262294e-15,0.29202162578124236,0.007031694482700861,0.1056180053291497,0.10561800532914968
FL,Apr,0.248246172860838,-2.759148490180297e-15,0.24824617286083797,0.02279283111539429,0.10697468572562818,0.10697468572562817
FL,May,0.2149946334978489,3.70041654668814e-15,0.21499463349784886,0.049534146114370375,0.10784911024244428,0.10784911024244427
FL,Jun,0.18672243223304352,-3.8133681972475675e-15,0.18672243223304352,0.08900137084303374,0.10848933483049442,0.1084893348304944
FL,Jul,0.4313564022404934,-7.63909420994094e-15,0.43135640224049343,4.1946620261443676e-05,0.09962929179457958,0.09962929179457956
FL,Aug,0.42190283972576625,-6.43374930891867e-15,0.42190283972576614,6.410613917082817e-05,0.10012175477103322,0.1001217547710332
FL,Sep,0.46227477831651514,-1.1769656185135775e-15,0.46227477831651514,9.564221444494684e-06,0.09792369038287009,0.09792369038287008
FL,Oct,0.48425764281427386,-4.148720142319899e-15,0.48425764281427375,3.053109193751243e-06,0.09661935216043419,0.09661935216043417
FL,Nov,0.2977883263031985,-1.495231245181138e-15,0.29778832630319846,0.005939723145780679,0.10542146034576365,0.10542146034576363
FL,Dec,0.2468793486674976,-1.1183096593813959e-15,0.24687934866749758,0.02357726214067883,0.10701325352163972,0.1070132535216397
CA,Jan,0.46859719223368773,-2.209349011628212e-15,0.4685971922336877,6.942499064712701e-06,0.09755652966799429,0.09755652966799427
CA,Feb,0.33614146543617207,-3.0071264471432557e-15,0.33614146543617196,0.0017712670500693133,0.10400568202198773,0.10400568202198772
CA,Mar,0.34121096101572634,-2.5702190946643763e-15,0.34121096101572634,0.0014917181007227658,0.10380417069977184,0.10380417069977182
CA,Apr,0.332140277049073,-7.649821138495352e-16,0.3321402770490729,0.0020243736436976354,0.1041623285422259,0.10416232854222589
CA,May,0.21402310466047914,-1.903093670092382e-15,0.21402310466047908,0.05059746042492186,0.10787267283596096,0.10787267283596094
CA,Jun,0.36260013982219913,-1.5266536595319761e-15,0.36260013982219913,0.0006998830756109921,0.10291608816142529,0.10291608816142528
CA,Jul,0.4481562098628969,-3.350236034758158e-15,0.4481562098628969,1.9123384490441235e-05,0.09872084389347838,0.09872084389347836
CA,Aug,0.5036603381065884,2.2687197233102197e-15,0.5036603381065884,1.0412593042620733e-06,0.09540199055922728,0.09540199055922727
CA,Sep,0.3301497366970319,-2.271824377766633e-15,0.3301497366970319,0.0021620448195479847,0.1042394728473746,0.10423947284737459
CA,Oct,0.27998765295731526,-1.195852671785861e-15,0.27998765295731537,0.00989458878220042,0.10601466271064523,0.10601466271064522
CA,Nov,0.33236349906904655,-7.814289877393802e-16,0.3323634990690466,0.0020094380938971562,0.10415364497717523,0.10415364497717522
CA,Dec,0.2716982899891151,-1.4019742642923101e-15,0.2716982899891151,0.012417062909738683,0.10627736601476569,0.10627736601476567
CT,Jan,0.28402754142944653,-1.423290645610753e-15,0.28402754142944653,0.008836657332328454,0.10588352757200718,0.10588352757200717
CT,Feb,0.29447533894560385,-1.9231200402808782e-15,0.29447533894560385,0.006547124761622194,0.10553489047107757,0.10553489047107756
CT,Mar,0.2661094448887547,-2.1095701019243458e-15,0.26610944488875465,0.01441794205438203,0.1064496768397184,0.10644967683971839
CT,Apr,0.2821946275786071,-1.5743872528735154e-16,0.282194627578607,0.009303682772735673,0.1059432770554183,0.10594327705541828
CT,May,0.2054370269329523,-2.5886538281633946e-15,0.20543702693295227,0.06083425468642549,0.10807605880757049,0.10807605880757047
CT,Jun,0.12175092824674613,-3.129281551175659e-16,0.12175092824674617,0.26991603162135486,0.10960999105871196,0.10960999105871194
CT,Jul,0.3303474479515764,-1.4429053321729831e-15,0.3303474479515764,0.002148003348436629,0.104231833746905,0.10423183374690499
CT,Aug,0.4426690819769838,-4.536853536501075e-15,0.44266908197698374,2.48294288928448e-05,0.09902229878592725,0.09902229878592723
CT,Sep,0.40912439922610555,-2.2280827446638825e-15,0.40912439922610555,0.00011151834142902222,0.10076640615424576,0.10076640615424574
CT,Oct,0.1056096975376365,-1.7162432866259528e-15,0.1056096975376365,0.3390203272283764,0.10981395529657494,0.10981395529657492
CT,Nov,0.17043633313754636,-4.600880741278243e-16,0.17043633313754636,0.1211334598690041,0.10881576824551353,0.10881576824551352
CT,Dec,0.37012996458267516,-2.0577580515942e-15,0.3701299645826751,0.0005294345330434878,0.10258867724559248,0.10258867724559247
NJ,Jan,0.25251720204581085,-1.2789276651599446e-15,0.25251720204581085,0.02048350130242837,0.10685270592867521,0.1068527059286752
NJ,Feb,0.28331365724187973,-1.755011668820342e-15,0.28331365724187973,0.00901605228704993,0.1059068488319571,0.10590684883195708
NJ,Mar,0.2764563708863144,-1.4708572139452233e-15,0.27645637088631436,0.01090840877914913,0.10612761962042296,0.10612761962042294
NJ,Apr,0.3485660116798313,-6.182053511728552e-16,0.3485660116798313,0.0011567407269565913,0.10350572833809824,0.10350572833809822
NJ,May,0.2006382782882754,1.7027733183741003e-15,0.20063827828827535,0.06725246179233534,0.1081859443378039,0.10818594433780389
NJ,Jun,0.2061305008507734,-7.104366798514285e-16,0.2061305008507734,0.05994937836242232,0.10805995493802238,0.10805995493802237
NJ,Jul,0.41962566598551226,5.376951320873379e-16,0.41962566598551215,7.086943143352152e-05,0.10023839270107694,0.10023839270107693
NJ,Aug,0.4360781022195017,3.1598556890313987e-15,0.4360781022195016,3.377753628037416e-05,0.09937830459390523,0.09937830459390522
NJ,Sep,0.4138831749797016,5.307949003423116e-16,0.4138831749797015,9.097671497424325e-05,0.10052913165144804,0.10052913165144803
NJ,Oct,0.17350625487737362,-2.132665004411962e-15,0.17350625487737362,0.1144782108183979,0.10875658541980779,0.10875658541980777
NJ,Nov,0.18058621936506533,-2.2342141007316154e-15,0.18058621936506533,0.10020812744718634,0.10861593880787034,0.10861593880787032
NJ,Dec,0.32604192157424455,-1.972635341338495e-15,0.3260419215742445,0.002473097529912805,0.10439702975497275,0.10439702975497274
SD,Jan,0.31246944494058476,-1.6179132282705616e-15,0.3124694449405848,0.003806707439949121,0.10490197782195335,0.10490197782195333
SD,Feb,0.07334964201757502,-4.303730473193085e-16,0.07334964201757503,0.5072783242039176,0.11013405523336113,0.11013405523336112
SD,Mar,0.301730171003445,-1.691391951104028e-15,0.301730171003445,0.005282368170509222,0.10528468398481954,0.10528468398481952
SD,Apr,0.06497201847540003,-1.1190806140410472e-15,0.06497201847540002,0.5570850008411816,0.11019819378002929,0.11019819378002928
SD,May,0.10787632503036343,-7.297087566843703e-16,0.10787632503036343,0.3286967363963169,0.10978708321209203,0.10978708321209202
SD,Jun,0.3246630922262576,-1.6622623303383208e-15,0.32466309222625767,0.0025861789899913946,0.10444942039711715,0.10444942039711713
SD,Jul,0.1403875333375199,-6.913233093803896e-16,0.14038753333751985,0.2027654745634046,0.10933788202137265,0.10933788202137264
SD,Aug,0.009891243425985501,-1.8917674004090765e-15,0.0098912434259855,0.9288446452046352,0.11042612381485754,0.11042612381485753
SD,Sep,0.34853302362912897,-5.942305165177799e-16,0.3485330236291289,0.0011580767438296232,0.10350708302851747,0.10350708302851745
SD,Oct,-0.22231389175719918,1.841375113695756e-15,-0.22231389175719915,0.04210091170882877,0.10766799315668246,0.10766799315668245
SD,Nov,0.28527433797648855,-1.5016293776740916e-15,0.2852743379764885,0.008530842228633899,0.10584264390790495,0.10584264390790493
SD,Dec,0.11594973551522166,-7.272429771593374e-16,0.11594973551522167,0.29357049676745467,0.10968667453772919,0.10968667453772918
